optimal_price,current_price,price_change_pct,optimal_revenue,current_revenue,revenue_lift_pct,segment,segment_base_cap,elasticity_based_cap,final_max_increase_pct,elasticity,hit_upper_cap,hit_lower_cap,min_price,max_price,method,converged,listing_id
37.199999999999996,31.0,19.999999999999986,803.6887723547352,744.399260597819,7.964746191351864,0,20.0,25.0,20.0,-0.5,True,False,27.900000000000002,37.199999999999996,scipy_segment_aware,True,1037342060076318132
96.0,80.0,20.0,3190.1544625257084,2953.846724560841,8.00000000000001,0,20.0,25.0,20.0,-0.5,True,False,72.0,96.0,scipy_segment_aware,True,1189765581535381646
42.0,42.0,0.0,0.0,0.0,,0,20.0,25.0,20.0,-0.5,False,False,37.800000000000004,50.4,scipy_segment_aware,True,1151341660702973934
54.0,45.0,20.0,48.6,45.0,8.000000000000004,0,20.0,25.0,20.0,-0.5,True,False,40.5,54.0,scipy_segment_aware,True,946056746442633477
64.8,54.0,19.999999999999996,1923.5016690132277,1782.1960639011372,7.928735113620419,0,20.0,25.0,20.0,-0.5,True,False,48.6,64.8,scipy_segment_aware,True,1165212059900490750
100.8,84.0,19.999999999999996,362.88,336.0,7.999999999999999,0,20.0,25.0,20.0,-0.5,True,False,75.60000000000001,100.8,scipy_segment_aware,True,1451452835041453088
162.0,135.0,20.0,3360.697476923077,3111.756923076923,7.999999999999997,0,20.0,25.0,20.0,-0.5,True,False,121.5,162.0,scipy_segment_aware,True,34900021
51.6,43.0,20.000000000000004,979.2623838746309,906.7244295135472,7.9999999999999964,0,20.0,25.0,20.0,-0.5,True,False,38.7,51.6,scipy_segment_aware,True,774744815962858757
130.79999999999998,109.0,19.999999999999986,356.6547512487514,330.23588078588085,8.000000000000018,0,20.0,25.0,20.0,-0.5,True,False,98.10000000000001,130.79999999999998,scipy_segment_aware,True,1483557080432062694
132.0,110.0,20.0,13154.524412669683,12171.255563216739,8.078614768590702,0,20.0,25.0,20.0,-0.5,True,False,99.0,132.0,scipy_segment_aware,True,861490005134416758
54.0,45.0,20.0,3194.941913926739,2958.2795499321655,8.000000000000002,0,20.0,25.0,20.0,-0.5,True,False,40.5,54.0,scipy_segment_aware,True,25804607
45.6,38.0,20.000000000000004,246.24000000000004,228.0,8.000000000000016,0,20.0,25.0,20.0,-0.5,True,False,34.2,45.6,scipy_segment_aware,True,1125397645664545877
50.4,42.0,19.999999999999996,4658.2195198506115,4314.5920115575855,7.964310585393568,0,20.0,25.0,20.0,-0.5,True,False,37.800000000000004,50.4,scipy_segment_aware,True,1115361359831188955
49.199999999999996,41.0,19.99999999999999,221.154,204.77222222222227,7.999999999999973,0,20.0,25.0,20.0,-0.5,True,False,36.9,49.199999999999996,scipy_segment_aware,True,1227709060927897487
150.0,125.0,20.0,5949.168015662276,5508.488903390997,7.999999999999993,0,20.0,25.0,20.0,-0.5,True,False,112.5,150.0,scipy_segment_aware,True,830415323934565611
40.8,34.0,19.999999999999993,2538.6657191713552,2350.616406640144,7.9999999999999964,0,20.0,25.0,20.0,-0.5,True,False,30.6,40.8,scipy_segment_aware,True,53618543
38.4,32.0,19.999999999999996,314.4209371428571,291.1304973544973,7.999999999999997,0,20.0,25.0,20.0,-0.5,True,False,28.8,38.4,scipy_segment_aware,True,1379785444353518825
41.0,41.0,0.0,0.0,0.0,,0,20.0,25.0,20.0,-0.5,False,False,36.9,49.199999999999996,scipy_segment_aware,True,1378450462479397333
72.0,72.0,0.0,0.0,0.0,,0,20.0,25.0,20.0,-0.5,False,False,64.8,86.39999999999999,scipy_segment_aware,True,1399908591134047549
42.0,35.0,20.0,37.800000000000004,35.0,8.000000000000012,0,20.0,25.0,20.0,-0.5,True,False,31.5,42.0,scipy_segment_aware,True,1482014069125778699
40.0,40.0,0.0,0.0,0.0,,0,20.0,25.0,20.0,-0.5,False,False,36.0,48.0,scipy_segment_aware,True,941866686563442368
61.199999999999996,51.0,19.999999999999993,13939.238334957143,12906.702161997357,7.999999999999982,0,20.0,25.0,20.0,-0.5,True,False,45.9,61.199999999999996,scipy_segment_aware,True,6069107
75.6,63.0,19.99999999999999,7920.414425033666,7320.08725252405,8.201093126350589,0,20.0,25.0,20.0,-0.5,True,False,56.7,75.6,scipy_segment_aware,True,749698263359225006
81.0,81.0,0.0,0.0,0.0,,0,20.0,25.0,20.0,-0.5,False,False,72.9,97.2,scipy_segment_aware,True,937499838732759582
39.6,33.0,20.000000000000004,249.48,231.0,7.9999999999999964,0,20.0,25.0,20.0,-0.5,True,False,29.7,39.6,scipy_segment_aware,True,1434194008647999784
66.0,55.0,20.0,1007.2977408855854,932.683093412579,8.000000000000016,0,20.0,25.0,20.0,-0.5,True,False,49.5,66.0,scipy_segment_aware,True,1393425725532304697
73.2,61.0,20.000000000000004,17813.330561193008,16493.824593697238,7.999999999999946,0,20.0,25.0,20.0,-0.5,True,False,54.9,73.2,scipy_segment_aware,True,4309179
39.0,39.0,0.0,0.0,0.0,,0,20.0,25.0,20.0,-0.5,False,False,35.1,46.8,scipy_segment_aware,True,1342233155098956474
62.4,52.0,20.0,112.92320000000002,104.55851851851851,8.000000000000028,0,20.0,25.0,20.0,-0.5,True,False,46.800000000000004,62.4,scipy_segment_aware,True,1449874115500762306
108.0,90.0,20.0,777.2952857142858,719.7178571428572,8.00000000000001,0,20.0,25.0,20.0,-0.5,True,False,81.0,108.0,scipy_segment_aware,True,1151600366384986865
92.39999999999999,77.0,19.99999999999999,7244.242682822102,6707.632113724169,7.999999999999992,0,20.0,25.0,20.0,-0.5,True,False,69.3,92.39999999999999,scipy_segment_aware,True,604380279526963959
57.599999999999994,48.0,19.999999999999986,155.51999999999998,144.0,7.999999999999988,0,20.0,25.0,20.0,-0.5,True,False,43.2,57.599999999999994,scipy_segment_aware,True,1442776450350160274
75.6,63.0,19.99999999999999,1770.3600115286738,1639.2222328969203,7.99999999999999,0,20.0,25.0,20.0,-0.5,True,False,56.7,75.6,scipy_segment_aware,True,1150336276453533030
61.199999999999996,51.0,19.999999999999993,275.6469225433526,255.22863198458577,7.999999999999992,0,20.0,25.0,20.0,-0.5,True,False,45.9,61.199999999999996,scipy_segment_aware,True,1145584763529411168
72.0,60.0,20.0,324.0,300.0,8.0,0,20.0,25.0,20.0,-0.5,True,False,54.0,72.0,scipy_segment_aware,True,949239050739495156
57.599999999999994,48.0,19.999999999999986,1399.5135542850205,1295.4832169305746,8.030234278212262,0,20.0,25.0,20.0,-0.5,True,False,43.2,57.599999999999994,scipy_segment_aware,True,31182349
66.0,55.0,20.0,16996.605016224956,15732.63866581676,8.034039154248749,0,20.0,25.0,20.0,-0.5,True,False,49.5,66.0,scipy_segment_aware,True,2524622
43.199999999999996,36.0,19.999999999999986,231.5332285714286,214.38261904761907,7.999999999999997,0,20.0,25.0,20.0,-0.5,True,False,32.4,43.199999999999996,scipy_segment_aware,True,53887963
75.6,63.0,19.99999999999999,7504.024509808827,6948.170842415581,7.99999999999999,0,20.0,25.0,20.0,-0.5,True,False,56.7,75.6,scipy_segment_aware,True,931704311070031139
80.39999999999999,67.0,19.999999999999986,4329.303054110317,4014.85745547455,7.832048886492784,0,20.0,25.0,20.0,-0.5,True,False,60.300000000000004,80.39999999999999,scipy_segment_aware,True,1011631753979129799
90.0,75.0,20.0,569.4853650741151,527.301263957514,7.999999999999982,0,20.0,25.0,20.0,-0.5,True,False,67.5,90.0,scipy_segment_aware,True,1279787784462222058
84.0,70.0,20.0,1659.4035795268392,1535.2650263684154,8.085806100336086,0,20.0,25.0,20.0,-0.5,True,False,63.0,84.0,scipy_segment_aware,True,1071715478605518546
50.4,42.0,19.999999999999996,634.8383999999999,587.8133333333333,7.999999999999988,0,20.0,25.0,20.0,-0.5,True,False,37.800000000000004,50.4,scipy_segment_aware,True,917162753082548360
49.199999999999996,41.0,19.99999999999999,8184.884490930401,7581.656370741601,7.956415995279342,0,20.0,25.0,20.0,-0.5,True,False,36.9,49.199999999999996,scipy_segment_aware,True,4723195
73.0,73.0,0.0,0.0,0.0,,0,20.0,25.0,20.0,-0.5,False,False,65.7,87.6,scipy_segment_aware,True,19088658
48.0,40.0,20.0,43.2,40.0,8.000000000000007,0,20.0,25.0,20.0,-0.5,True,False,36.0,48.0,scipy_segment_aware,True,1216687643576301332
66.0,66.0,0.0,0.0,0.0,,0,20.0,25.0,20.0,-0.5,False,False,59.4,79.2,scipy_segment_aware,True,1301731061059641811
64.0,64.0,0.0,0.0,0.0,,0,20.0,25.0,20.0,-0.5,False,False,57.6,76.8,scipy_segment_aware,True,893323954847972465
64.8,54.0,19.999999999999996,638.7984,591.48,7.999999999999999,0,20.0,25.0,20.0,-0.5,True,False,48.6,64.8,scipy_segment_aware,True,1263831951922783097
75.6,63.0,19.99999999999999,3598.7483082106137,3332.501026120938,7.989413356598117,0,20.0,25.0,20.0,-0.5,True,False,56.7,75.6,scipy_segment_aware,True,1252692722383411450
72.0,60.0,20.0,388.8,360.0,8.000000000000004,0,20.0,25.0,20.0,-0.5,True,False,54.0,72.0,scipy_segment_aware,True,1313869616363834999
72.0,60.0,20.0,64.8,60.0,7.999999999999995,0,20.0,25.0,20.0,-0.5,True,False,54.0,72.0,scipy_segment_aware,True,1036463721507978621
108.0,90.0,20.0,5568.976616633519,5156.459830216223,7.999999999999971,0,20.0,25.0,20.0,-0.5,True,False,81.0,108.0,scipy_segment_aware,True,1118833752294474537
176.4,147.0,20.000000000000004,2078.8711139037437,1924.880661021985,7.999999999999999,0,20.0,25.0,20.0,-0.5,True,False,132.3,176.4,scipy_segment_aware,True,1449978388567815115
157.2,131.0,19.99999999999999,2121.7954036863134,1963.7520404502895,8.04803050388095,0,20.0,25.0,20.0,-0.5,True,False,117.9,157.2,scipy_segment_aware,True,1119091055624957989
64.8,54.0,19.999999999999996,699.84,648.0,8.000000000000004,0,20.0,25.0,20.0,-0.5,True,False,48.6,64.8,scipy_segment_aware,True,1095699735635631730
421.2,351.0,19.999999999999996,380.34360000000004,352.17,8.000000000000005,0,20.0,25.0,20.0,-0.5,True,False,315.90000000000003,421.2,scipy_segment_aware,True,1177324598537553655
120.0,100.0,20.0,1733.1991121819362,1604.813992761052,8.0,0,20.0,25.0,20.0,-0.5,True,False,90.0,120.0,scipy_segment_aware,True,29277766
92.39999999999999,77.0,19.99999999999999,83.16,77.0,7.9999999999999964,0,20.0,25.0,20.0,-0.5,True,False,69.3,92.39999999999999,scipy_segment_aware,True,1430630676498720280
44.0,44.0,0.0,0.0,0.0,,0,20.0,25.0,20.0,-0.5,False,False,39.6,52.8,scipy_segment_aware,True,1218070494905219996
49.199999999999996,41.0,19.99999999999999,1061.5392,982.9066666666666,7.999999999999997,0,20.0,25.0,20.0,-0.5,True,False,36.9,49.199999999999996,scipy_segment_aware,True,1066528122377919132
84.0,70.0,20.0,2027.806574143947,1878.022922187156,7.975602969869625,0,20.0,25.0,20.0,-0.5,True,False,63.0,84.0,scipy_segment_aware,True,702146722523740819
36.0,36.0,0.0,0.0,0.0,,0,20.0,25.0,20.0,-0.5,False,False,32.4,43.199999999999996,scipy_segment_aware,True,1300137234664592979
70.8,59.0,19.999999999999996,1857.6748078738906,1720.0692665498987,8.000000000000002,0,20.0,25.0,20.0,-0.5,True,False,53.1,70.8,scipy_segment_aware,True,392141
68.0,68.0,0.0,0.0,0.0,,0,20.0,25.0,20.0,-0.5,False,False,61.2,81.6,scipy_segment_aware,True,1490666008214886174
87.0,87.0,0.0,0.0,0.0,,0,20.0,25.0,20.0,-0.5,False,False,78.3,104.39999999999999,scipy_segment_aware,True,1503753195546480807
226.79999999999998,189.0,19.99999999999999,2036.7547199999997,1885.8839999999998,7.999999999999995,0,20.0,25.0,20.0,-0.5,True,False,170.1,226.79999999999998,scipy_segment_aware,True,564241110298869663
38.4,32.0,19.999999999999996,1318.6072904789323,1220.008231924937,8.081835513390352,0,20.0,25.0,20.0,-0.5,True,False,28.8,38.4,scipy_segment_aware,True,1024690864036232981
75.0,75.0,0.0,0.0,0.0,,0,20.0,25.0,20.0,-0.5,False,False,67.5,90.0,scipy_segment_aware,True,892169909428700338
55.0,55.0,0.0,0.0,0.0,,0,20.0,25.0,20.0,-0.5,False,False,49.5,66.0,scipy_segment_aware,True,1375518332770714148
60.0,60.0,0.0,0.0,0.0,,0,20.0,25.0,20.0,-0.5,False,False,54.0,72.0,scipy_segment_aware,True,21894746
78.0,65.0,20.0,1334.5063697478993,1235.509601618425,8.012626368892311,0,20.0,25.0,20.0,-0.5,True,False,58.5,78.0,scipy_segment_aware,True,904937269771822097
24.0,20.0,20.0,1041.5599291173041,964.7238400917798,7.964568287046212,0,20.0,25.0,20.0,-0.5,True,False,18.0,24.0,scipy_segment_aware,True,21197155
114.0,95.0,20.0,410.40000000000003,380.0,8.000000000000009,0,20.0,25.0,20.0,-0.5,True,False,85.5,114.0,scipy_segment_aware,True,1257946701320060667
75.6,63.0,19.99999999999999,272.5917507692308,252.3997692307693,7.9999999999999964,0,20.0,25.0,20.0,-0.5,True,False,56.7,75.6,scipy_segment_aware,True,13469590
82.8,69.0,19.999999999999996,8186.263809101424,7578.389351861587,8.021156330408342,0,20.0,25.0,20.0,-0.5,True,False,62.1,82.8,scipy_segment_aware,True,1173184173207564075
70.8,59.0,19.999999999999996,63.72,59.0,7.999999999999997,0,20.0,25.0,20.0,-0.5,True,False,53.1,70.8,scipy_segment_aware,True,1184197906414888598
35.0,35.0,0.0,0.0,0.0,,0,20.0,25.0,20.0,-0.5,False,False,31.5,42.0,scipy_segment_aware,True,1416726921368370348
108.0,90.0,20.0,194.72400000000002,180.3,8.000000000000004,0,20.0,25.0,20.0,-0.5,True,False,81.0,108.0,scipy_segment_aware,True,917419336324240200
72.0,60.0,20.0,8164.157125404007,7559.404745744451,7.999999999999999,0,20.0,25.0,20.0,-0.5,True,False,54.0,72.0,scipy_segment_aware,True,50467937
75.6,63.0,19.99999999999999,136.07999999999998,126.0,7.999999999999988,0,20.0,25.0,20.0,-0.5,True,False,56.7,75.6,scipy_segment_aware,True,851470506773583894
60.0,50.0,20.0,10449.652966855128,9675.604598939934,8.000000000000002,0,20.0,25.0,20.0,-0.5,True,False,45.0,60.0,scipy_segment_aware,True,41706088
104.39999999999999,87.0,19.99999999999999,957.8812038566081,887.5484691793988,7.924382399333846,0,20.0,25.0,20.0,-0.5,True,False,78.3,104.39999999999999,scipy_segment_aware,True,1311792060870774981
129.6,108.0,19.999999999999996,582.9170707887232,539.7380285080772,7.99999999999998,0,20.0,25.0,20.0,-0.5,True,False,97.2,129.6,scipy_segment_aware,True,1006158113346242487
43.199999999999996,36.0,19.999999999999986,4200.82605134865,3873.090308025307,8.461866810702876,0,20.0,25.0,20.0,-0.5,True,False,32.4,43.199999999999996,scipy_segment_aware,True,18148729
34.8,29.0,19.99999999999999,125.27999999999999,116.0,7.999999999999989,0,20.0,25.0,20.0,-0.5,True,False,26.1,34.8,scipy_segment_aware,True,1268229486846162856
154.79999999999998,129.0,19.999999999999986,975.2399999999999,903.0,7.999999999999989,0,20.0,25.0,20.0,-0.5,True,False,116.10000000000001,154.79999999999998,scipy_segment_aware,True,729028095827522861
201.6,168.0,19.999999999999996,33069.56186687912,30640.604691554738,7.927249477533518,0,20.0,25.0,20.0,-0.5,True,False,151.20000000000002,201.6,scipy_segment_aware,True,52562054
37.199999999999996,31.0,19.999999999999986,940.1411242244751,870.501040948588,8.000000000000012,0,20.0,25.0,20.0,-0.5,True,False,27.900000000000002,37.199999999999996,scipy_segment_aware,True,1146893118879610853
204.0,170.0,20.0,919.6175999999999,851.4977777777777,7.9999999999999964,0,20.0,25.0,20.0,-0.5,True,False,153.0,204.0,scipy_segment_aware,True,599122309416293420
39.0,39.0,0.0,0.0,0.0,,0,20.0,25.0,20.0,-0.5,False,False,35.1,46.8,scipy_segment_aware,True,652936957853391170
50.4,42.0,19.999999999999996,4169.4371032237095,3860.5899103923243,7.9999999999999805,0,20.0,25.0,20.0,-0.5,True,False,37.800000000000004,50.4,scipy_segment_aware,True,391672
93.6,78.0,19.999999999999993,1681.6231320824234,1557.0584556318736,7.999999999999992,0,20.0,25.0,20.0,-0.5,True,False,70.2,93.6,scipy_segment_aware,True,1203608242536281560
93.6,78.0,19.999999999999993,6334.993866089018,5862.697807225282,8.055950935790532,0,20.0,25.0,20.0,-0.5,True,False,70.2,93.6,scipy_segment_aware,True,441459
73.2,61.0,20.000000000000004,2502.464420400282,2317.0966855558167,7.999999999999999,0,20.0,25.0,20.0,-0.5,True,False,54.9,73.2,scipy_segment_aware,True,4947066
60.0,50.0,20.0,1841.5854842256813,1705.1717446534087,7.999999999999992,0,20.0,25.0,20.0,-0.5,True,False,45.0,60.0,scipy_segment_aware,True,690157835804403962
66.0,55.0,20.0,1380.2602631713562,1276.340575382513,8.142002988324574,0,20.0,25.0,20.0,-0.5,True,False,49.5,66.0,scipy_segment_aware,True,854981006670407480
55.199999999999996,46.0,19.99999999999999,596.133089741088,551.9750830936001,7.999999999999985,0,20.0,25.0,20.0,-0.5,True,False,41.4,55.199999999999996,scipy_segment_aware,True,1022467003880360069
181.2,151.0,19.999999999999993,7226.294709904984,6691.013620282394,7.99999999999998,0,20.0,25.0,20.0,-0.5,True,False,135.9,181.2,scipy_segment_aware,True,6923659
56.4,47.0,20.0,152.28,141.0,8.0,0,20.0,25.0,20.0,-0.5,True,False,42.300000000000004,56.4,scipy_segment_aware,True,1331898430356573946
126.49999999999999,110.0,14.999999999999988,1757.0510775652208,1652.3385609700472,6.337231307710901,1,15.0,25.0,15.0,-0.5,True,False,99.0,126.49999999999999,scipy_segment_aware,True,52180527
142.6,124.0,14.999999999999996,1185.3032153703705,1114.2685925925928,6.374999999999993,1,15.0,25.0,15.0,-0.5,True,False,111.60000000000001,142.6,scipy_segment_aware,True,1420302385651079723
154.1,134.0,14.999999999999996,1735.7343329702207,1631.7126514408656,6.375,1,15.0,25.0,15.0,-0.5,True,False,120.60000000000001,154.1,scipy_segment_aware,True,739632663498909469
171.35,149.0,14.999999999999996,158.49875,149.0,6.375,1,15.0,25.0,15.0,-0.5,True,False,134.1,171.35,scipy_segment_aware,True,1488961198254604745
138.0,120.0,15.0,255.3,240.0,6.375000000000004,1,15.0,25.0,15.0,-0.5,True,False,108.0,138.0,scipy_segment_aware,True,1294020176849811669
188.6,164.0,14.999999999999996,348.6773933333334,327.78133333333335,6.37500000000001,1,15.0,25.0,15.0,-0.5,True,False,147.6,188.6,scipy_segment_aware,True,1160872831311872776
155.25,135.0,15.0,1005.2437500000001,945.0,6.37500000000001,1,15.0,25.0,15.0,-0.5,True,False,121.5,155.25,scipy_segment_aware,True,1439491261786623481
233.45,203.0,14.999999999999995,1700.5536406804513,1598.6403202636443,6.37499999999998,1,15.0,25.0,15.0,-0.5,True,False,182.70000000000002,233.45,scipy_segment_aware,True,1394207256270498500
456.54999999999995,397.0,14.999999999999988,844.6175,794.0,6.374999999999993,1,15.0,25.0,15.0,-0.5,True,False,357.3,456.54999999999995,scipy_segment_aware,True,51738794
197.79999999999998,172.0,14.999999999999991,3607.996039589958,3384.967104458505,6.588806574743088,1,15.0,25.0,15.0,-0.5,True,False,154.8,197.79999999999998,scipy_segment_aware,True,1103171836400045937
36.8,32.0,14.999999999999991,102.12,96.0,6.375000000000004,1,15.0,25.0,15.0,-0.5,True,False,28.8,36.8,scipy_segment_aware,True,1369548067932563463
136.85,119.0,14.999999999999995,253.1725,238.0,6.375000000000005,1,15.0,25.0,15.0,-0.5,True,False,107.10000000000001,136.85,scipy_segment_aware,True,1356438698045406026
128.79999999999998,112.0,14.999999999999986,1911.378880258544,1796.8309097612632,6.375000000000018,1,15.0,25.0,15.0,-0.5,True,False,100.8,128.79999999999998,scipy_segment_aware,True,1399208319790713340
113.85,99.0,14.999999999999995,221.5994468594122,208.31910398064602,6.375000000000004,1,15.0,25.0,15.0,-0.5,True,False,89.10000000000001,113.85,scipy_segment_aware,True,1474388405983182573
194.35,169.0,14.999999999999996,359.5475,338.0,6.375000000000004,1,15.0,25.0,15.0,-0.5,True,False,152.1,194.35,scipy_segment_aware,True,1066628255916301154
40.25,35.0,15.0,669.2920964120372,629.1817592592593,6.3750000000000195,1,15.0,25.0,15.0,-0.5,True,False,31.5,40.25,scipy_segment_aware,True,52276223
300.15,261.0,14.999999999999991,555.2775,522.0,6.375000000000005,1,15.0,25.0,15.0,-0.5,True,False,234.9,300.15,scipy_segment_aware,True,23443639
54.05,47.0,14.999999999999995,398.35984308554873,374.48633897583903,6.374999999999989,1,15.0,25.0,15.0,-0.5,True,False,42.300000000000004,54.05,scipy_segment_aware,True,1217146878215827075
134.54999999999998,117.0,14.999999999999986,497.8417732653061,468.00636734693876,6.374999999999993,1,15.0,25.0,15.0,-0.5,True,False,105.3,134.54999999999998,scipy_segment_aware,True,1143400362985234551
225.39999999999998,196.0,14.999999999999988,1667.9599999999998,1568.0,6.374999999999988,1,15.0,25.0,15.0,-0.5,True,False,176.4,225.39999999999998,scipy_segment_aware,True,53184459
270.25,235.0,15.0,1502.1448358630955,1412.1220548654244,6.375000000000024,1,15.0,25.0,15.0,-0.5,True,False,211.5,270.25,scipy_segment_aware,True,1006178197436923427
127.64999999999999,111.0,14.999999999999991,2356.257124807635,2215.0478259061197,6.375000000000015,1,15.0,25.0,15.0,-0.5,True,False,99.9,127.64999999999999,scipy_segment_aware,True,553295531866096004
180.54999999999998,157.0,14.999999999999988,668.0494596320347,628.013593073593,6.3750000000000115,1,15.0,25.0,15.0,-0.5,True,False,141.3,180.54999999999998,scipy_segment_aware,True,1331946460238227167
189.74999999999997,165.0,14.999999999999982,698.249142318594,656.4034240362812,6.374999999999975,1,15.0,25.0,15.0,-0.5,True,False,148.5,189.74999999999997,scipy_segment_aware,True,928753242878340147
156.39999999999998,136.0,14.999999999999982,145.82506223285645,137.08583993688035,6.374999999999988,1,15.0,25.0,15.0,-0.5,True,False,122.4,156.39999999999998,scipy_segment_aware,True,1399839926867315976
136.85,119.0,14.999999999999995,379.78513738562447,357.0248060029372,6.374999999999997,1,15.0,25.0,15.0,-0.5,True,False,107.10000000000001,136.85,scipy_segment_aware,True,1327656046953460695
131.1,114.0,14.999999999999995,121.2675,114.0,6.374999999999999,1,15.0,25.0,15.0,-0.5,True,False,102.60000000000001,131.1,scipy_segment_aware,True,1471619132116498016
246.1,214.0,14.999999999999996,455.285,428.0,6.375000000000005,1,15.0,25.0,15.0,-0.5,True,False,192.6,246.1,scipy_segment_aware,True,834354301632794662
50.599999999999994,44.0,14.999999999999988,93.61,88.0,6.374999999999999,1,15.0,25.0,15.0,-0.5,True,False,39.6,50.599999999999994,scipy_segment_aware,True,1385555174271110681
83.94999999999999,73.0,14.999999999999986,1573.8330567028106,1479.5140368534062,6.374999999999985,1,15.0,25.0,15.0,-0.5,True,False,65.7,83.94999999999999,scipy_segment_aware,True,46964164
30.0,30.0,0.0,0.0,0.0,,1,15.0,25.0,15.0,-0.5,False,False,27.0,34.5,scipy_segment_aware,True,1339839372590886573
97.74999999999999,85.0,14.999999999999982,361.67499999999995,340.0,6.374999999999986,1,15.0,25.0,15.0,-0.5,True,False,76.5,97.74999999999999,scipy_segment_aware,True,1192052083815444651
161.0,140.0,15.0,595.9482083333334,560.2333333333333,6.375000000000002,1,15.0,25.0,15.0,-0.5,True,False,126.0,161.0,scipy_segment_aware,True,811249134080220022
108.1,94.0,14.999999999999995,7672.315204482279,7212.517231005666,6.375000000000027,1,15.0,25.0,15.0,-0.5,True,False,84.60000000000001,108.1,scipy_segment_aware,True,16696908
58.65,51.0,14.999999999999996,271.25624999999997,255.0,6.374999999999986,1,15.0,25.0,15.0,-0.5,True,False,45.9,58.65,scipy_segment_aware,True,45408468
178.25,155.0,15.0,838.1805489023964,787.9488121291623,6.374999999999993,1,15.0,25.0,15.0,-0.5,True,False,139.5,178.25,scipy_segment_aware,True,1410104437476562334
51.74999999999999,45.0,14.999999999999986,95.7375,90.0,6.374999999999997,1,15.0,25.0,15.0,-0.5,True,False,40.5,51.74999999999999,scipy_segment_aware,True,1434801963865638347
103.49999999999999,90.0,14.999999999999986,95.7375,90.0,6.374999999999997,1,15.0,25.0,15.0,-0.5,True,False,81.0,103.49999999999999,scipy_segment_aware,True,1427462714496500580
82.8,72.0,14.999999999999996,153.18,144.0,6.375000000000004,1,15.0,25.0,15.0,-0.5,True,False,64.8,82.8,scipy_segment_aware,True,942681965380174958
88.55,77.0,14.999999999999996,737.17875,693.0,6.375000000000005,1,15.0,25.0,15.0,-0.5,True,False,69.3,88.55,scipy_segment_aware,True,1411448014964865580
90.85,79.0,14.999999999999995,504.21750000000003,474.0,6.375000000000005,1,15.0,25.0,15.0,-0.5,True,False,71.10000000000001,90.85,scipy_segment_aware,True,871557735543777330
252.99999999999997,220.0,14.999999999999988,1170.1249999999998,1100.0,6.37499999999998,1,15.0,25.0,15.0,-0.5,True,False,198.0,252.99999999999997,scipy_segment_aware,True,894167618925997007
303.59999999999997,264.0,14.999999999999988,320.57447951770456,301.36261294261294,6.375000000000015,1,15.0,25.0,15.0,-0.5,True,False,237.6,303.59999999999997,scipy_segment_aware,True,965067332532905722
87.39999999999999,76.0,14.999999999999988,1374.240623076923,1291.883076923077,6.374999999999988,1,15.0,25.0,15.0,-0.5,True,False,68.4,87.39999999999999,scipy_segment_aware,True,39110906
165.6,144.0,14.999999999999996,3680.111974468962,3459.564723355077,6.374999999999968,1,15.0,25.0,15.0,-0.5,True,False,129.6,165.6,scipy_segment_aware,True,957723414849847931
138.0,120.0,15.0,641.7320083333333,603.2733333333332,6.375000000000015,1,15.0,25.0,15.0,-0.5,True,False,108.0,138.0,scipy_segment_aware,True,1079519771540439045
69.0,60.0,15.0,127.65,120.0,6.375000000000004,1,15.0,25.0,15.0,-0.5,True,False,54.0,69.0,scipy_segment_aware,True,915638381847210472
169.04999999999998,147.0,14.999999999999988,10298.776416209366,9681.57594943301,6.375000000000014,1,15.0,25.0,15.0,-0.5,True,False,132.3,169.04999999999998,scipy_segment_aware,True,1110111152409613701
201.24999999999997,175.0,14.999999999999982,1116.9375,1050.0,6.375,1,15.0,25.0,15.0,-0.5,True,False,157.5,201.24999999999997,scipy_segment_aware,True,1449924227960603040
216.2,188.0,14.999999999999995,199.98499999999999,188.0,6.374999999999992,1,15.0,25.0,15.0,-0.5,True,False,169.20000000000002,216.2,scipy_segment_aware,True,1443599473954269070
86.25,75.0,15.0,239.34375000000003,225.0,6.375000000000012,1,15.0,25.0,15.0,-0.5,True,False,67.5,86.25,scipy_segment_aware,True,1376842582588880628
167.89999999999998,146.0,14.999999999999986,310.61499999999995,292.0,6.374999999999983,1,15.0,25.0,15.0,-0.5,True,False,131.4,167.89999999999998,scipy_segment_aware,True,645542465078282683
209.29999999999998,182.0,14.999999999999991,7359.667690756894,6918.606524800843,6.3749999999999725,1,15.0,25.0,15.0,-0.5,True,False,163.8,209.29999999999998,scipy_segment_aware,True,464370
98.89999999999999,86.0,14.999999999999991,459.6794813817032,432.13112233297596,6.3750000000000115,1,15.0,25.0,15.0,-0.5,True,False,77.4,98.89999999999999,scipy_segment_aware,True,1475388021952602619
226.54999999999998,197.0,14.999999999999991,2295.735812231542,2158.153525012025,6.375000000000005,1,15.0,25.0,15.0,-0.5,True,False,177.3,226.54999999999998,scipy_segment_aware,True,976056009828103636
85.1,74.0,14.999999999999991,235.96831887823504,221.82685675979795,6.374999999999986,1,15.0,25.0,15.0,-0.5,True,False,66.60000000000001,85.1,scipy_segment_aware,True,594095112935575592
116.14999999999999,101.0,14.999999999999991,107.43875,101.0,6.374999999999999,1,15.0,25.0,15.0,-0.5,True,False,90.9,116.14999999999999,scipy_segment_aware,True,1261743221671996554
93.14999999999999,81.0,14.999999999999988,513.2410494886363,482.9687727272728,6.267957365114783,1,15.0,25.0,15.0,-0.5,True,False,72.9,93.14999999999999,scipy_segment_aware,True,1203468211817657409
69.0,60.0,15.0,641.0581865440116,602.2398933433718,6.445652908368069,1,15.0,25.0,15.0,-0.5,True,False,54.0,69.0,scipy_segment_aware,True,1154079736140659902
286.34999999999997,249.0,14.999999999999986,1039.5849356600456,977.2831357556246,6.374999999999997,1,15.0,25.0,15.0,-0.5,True,False,224.1,286.34999999999997,scipy_segment_aware,True,919227
125.35,109.0,14.999999999999995,811.64125,763.0,6.375000000000002,1,15.0,25.0,15.0,-0.5,True,False,98.10000000000001,125.35,scipy_segment_aware,True,1463820007288609124
296.7,258.0,14.999999999999996,823.3425000000001,774.0,6.3750000000000115,1,15.0,25.0,15.0,-0.5,True,False,232.20000000000002,296.7,scipy_segment_aware,True,1429706004875773575
144.89999999999998,126.0,14.999999999999982,268.065,252.0,6.374999999999999,1,15.0,25.0,15.0,-0.5,True,False,113.4,144.89999999999998,scipy_segment_aware,True,910296814154771729
42.55,37.0,14.999999999999991,197.13707416125538,185.3227489177489,6.374999999999997,1,15.0,25.0,15.0,-0.5,True,False,33.300000000000004,42.55,scipy_segment_aware,True,678752851403067008
211.6,184.0,14.999999999999996,195.73000000000002,184.0,6.37500000000001,1,15.0,25.0,15.0,-0.5,True,False,165.6,211.6,scipy_segment_aware,True,995598364204120863
128.79999999999998,112.0,14.999999999999986,119.13999999999999,112.0,6.374999999999988,1,15.0,25.0,15.0,-0.5,True,False,100.8,128.79999999999998,scipy_segment_aware,True,1491584948730898694
248.39999999999998,216.0,14.999999999999988,924.9604100000001,869.5280000000001,6.375,1,15.0,25.0,15.0,-0.5,True,False,194.4,248.39999999999998,scipy_segment_aware,True,1298455957554055935
78.19999999999999,68.0,14.999999999999982,1086.0870187062887,1020.998372461846,6.375000000000009,1,15.0,25.0,15.0,-0.5,True,False,61.2,78.19999999999999,scipy_segment_aware,True,1368654891070439540
229.99999999999997,200.0,14.999999999999986,425.49999999999994,400.0,6.374999999999986,1,15.0,25.0,15.0,-0.5,True,False,180.0,229.99999999999997,scipy_segment_aware,True,1405213182740438247
67.85,59.0,14.999999999999991,62.76125,59.0,6.374999999999995,1,15.0,25.0,15.0,-0.5,True,False,53.1,67.85,scipy_segment_aware,True,1458179818107513993
169.04999999999998,147.0,14.999999999999988,1559.334105,1465.884,6.374999999999993,1,15.0,25.0,15.0,-0.5,True,False,132.3,169.04999999999998,scipy_segment_aware,True,27960462
51.74999999999999,45.0,14.999999999999986,47.86875,45.0,6.374999999999997,1,15.0,25.0,15.0,-0.5,True,False,40.5,51.74999999999999,scipy_segment_aware,True,1354949613211241170
879.7499999999999,765.0,14.999999999999986,1627.5375,1530.0,6.374999999999995,1,15.0,25.0,15.0,-0.5,True,False,688.5,879.7499999999999,scipy_segment_aware,True,965128817474356623
202.39999999999998,176.0,14.999999999999988,929.7393205128205,874.020512820513,6.374999999999985,1,15.0,25.0,15.0,-0.5,True,False,158.4,202.39999999999998,scipy_segment_aware,True,1222592216623800147
216.2,188.0,14.999999999999995,409.8295298400674,385.26865319865317,6.375000000000018,1,15.0,25.0,15.0,-0.5,True,False,169.20000000000002,216.2,scipy_segment_aware,True,811532010177749090
112.69999999999999,98.0,14.999999999999988,729.7325,686.0,6.374999999999995,1,15.0,25.0,15.0,-0.5,True,False,88.2,112.69999999999999,scipy_segment_aware,True,807217502553949270
282.9,246.0,14.999999999999991,261.6825,246.0,6.375000000000002,1,15.0,25.0,15.0,-0.5,True,False,221.4,282.9,scipy_segment_aware,True,909890739118323796
186.29999999999998,162.0,14.999999999999988,1732.0087498763735,1628.2103406593408,6.374999999999983,1,15.0,25.0,15.0,-0.5,True,False,145.8,186.29999999999998,scipy_segment_aware,True,1198470392797592895
163.29999999999998,142.0,14.999999999999988,604.2099999999999,568.0,6.374999999999986,1,15.0,25.0,15.0,-0.5,True,False,127.8,163.29999999999998,scipy_segment_aware,True,1432244932764394987
69.0,60.0,15.0,319.125,300.0,6.375,1,15.0,25.0,15.0,-0.5,True,False,54.0,69.0,scipy_segment_aware,True,32802381
210.45,183.0,14.999999999999995,1752.9247595949182,1647.872864484059,6.375000000000032,1,15.0,25.0,15.0,-0.5,True,False,164.70000000000002,210.45,scipy_segment_aware,True,1226659465930308591
80.5,70.0,15.0,148.925,140.0,6.375000000000009,1,15.0,25.0,15.0,-0.5,True,False,63.0,80.5,scipy_segment_aware,True,8630278
132.25,115.0,15.0,1471.863239057239,1383.655218855219,6.374999999999999,1,15.0,25.0,15.0,-0.5,True,False,103.5,132.25,scipy_segment_aware,True,1161576065007792496
181.7,158.0,14.999999999999995,672.29,632.0,6.374999999999995,1,15.0,25.0,15.0,-0.5,True,False,142.20000000000002,181.7,scipy_segment_aware,True,709908253236819629
228.85,199.0,14.999999999999996,211.68625,199.0,6.375,1,15.0,25.0,15.0,-0.5,True,False,179.1,228.85,scipy_segment_aware,True,1377540889814166473
34.5,30.0,15.0,31.9125,30.0,6.375000000000004,1,15.0,25.0,15.0,-0.5,True,False,27.0,34.5,scipy_segment_aware,True,781234985524612999
1053.3999999999999,916.0,14.999999999999986,974.3949999999999,916.0,6.374999999999986,1,15.0,25.0,15.0,-0.5,True,False,824.4,1053.3999999999999,scipy_segment_aware,True,1491303754981296712
195.49999999999997,170.0,14.999999999999982,361.9763958333333,340.2833333333333,6.375,1,15.0,25.0,15.0,-0.5,True,False,153.0,195.49999999999997,scipy_segment_aware,True,941653603778473225
134.54999999999998,117.0,14.999999999999986,248.9175,234.0,6.374999999999996,1,15.0,25.0,15.0,-0.5,True,False,105.3,134.54999999999998,scipy_segment_aware,True,945704938642211876
32.199999999999996,28.0,14.999999999999986,62.1611374074074,58.43585185185184,6.375000000000018,1,15.0,25.0,15.0,-0.5,True,False,25.2,32.199999999999996,scipy_segment_aware,True,1330487628032495074
111.55,97.0,14.999999999999996,105.083470093604,98.78587082829989,6.374999999999996,1,15.0,25.0,15.0,-0.5,True,False,87.3,111.55,scipy_segment_aware,True,1272666400931542054
166.75,145.0,15.0,1543.8085555555556,1451.2888888888888,6.37500000000001,1,15.0,25.0,15.0,-0.5,True,False,130.5,166.75,scipy_segment_aware,True,836759736471410467
182.85,159.0,14.999999999999996,1183.9537500000001,1113.0,6.3750000000000115,1,15.0,25.0,15.0,-0.5,True,False,143.1,182.85,scipy_segment_aware,True,1399780451682703667
135.7,118.0,14.999999999999991,376.5675,354.0,6.374999999999999,1,15.0,25.0,15.0,-0.5,True,False,106.2,135.7,scipy_segment_aware,True,1426008208968915689
98.89999999999999,86.0,14.999999999999991,91.4825,86.0,6.375000000000002,1,15.0,25.0,15.0,-0.5,True,False,77.4,98.89999999999999,scipy_segment_aware,True,914351303810253499
102.35,89.0,14.999999999999995,95.45418136044503,89.73366050335608,6.375000000000007,1,15.0,25.0,15.0,-0.5,True,False,80.10000000000001,102.35,scipy_segment_aware,True,1463824095980690501
366.84999999999997,319.0,14.999999999999988,339.33625,319.0,6.375000000000002,1,15.0,25.0,15.0,-0.5,True,False,287.1,366.84999999999997,scipy_segment_aware,True,1263652485156700600
764.7499999999999,665.0,14.999999999999982,4435.305702940961,4169.500073269999,6.374999999999988,1,15.0,25.0,15.0,-0.5,True,False,598.5,764.7499999999999,scipy_segment_aware,True,1391211866538128577
192.04999999999998,167.0,14.999999999999991,710.5849999999999,668.0,6.374999999999989,1,15.0,25.0,15.0,-0.5,True,False,150.3,192.04999999999998,scipy_segment_aware,True,1435599207027942685
70.14999999999999,61.0,14.999999999999986,2722.296805663607,2559.150933643814,6.374999999999992,1,15.0,25.0,15.0,-0.5,True,False,54.9,70.14999999999999,scipy_segment_aware,True,680186156530741245
173.0,173.0,0.0,0.0,0.0,,2,10.0,25.0,10.0,-0.5,False,False,155.70000000000002,190.3,scipy_segment_aware,True,1468721769698352065
140.0,140.0,0.0,0.0,0.0,,2,10.0,25.0,10.0,-0.5,False,False,126.0,154.0,scipy_segment_aware,True,1491205656791783943
370.70000000000005,337.0,10.000000000000012,31372.16073715173,30021.206447035147,4.500000000000008,2,10.0,25.0,10.0,-0.5,True,False,303.3,370.70000000000005,scipy_segment_aware,True,32862560
264.0,240.0,10.0,507.1310739926739,485.2928937728937,4.499999999999999,2,10.0,25.0,10.0,-0.5,True,False,216.0,264.0,scipy_segment_aware,True,1255748370665773530
154.0,140.0,10.0,2506.364356209151,2397.5014572974324,4.540681240479149,2,10.0,25.0,10.0,-0.5,True,False,126.0,154.0,scipy_segment_aware,True,51856288
271.70000000000005,247.0,10.000000000000018,23385.4076128093,22378.3804907266,4.500000000000021,2,10.0,25.0,10.0,-0.5,True,False,222.3,271.70000000000005,scipy_segment_aware,True,9659220
202.4,184.0,10.000000000000004,576.8399999999999,552.0,4.499999999999985,2,10.0,25.0,10.0,-0.5,True,False,165.6,202.4,scipy_segment_aware,True,1199980507482487857
216.70000000000002,197.0,10.000000000000009,3056.909399652778,2925.272152777778,4.500000000000002,2,10.0,25.0,10.0,-0.5,True,False,177.3,216.70000000000002,scipy_segment_aware,True,24023758
253.00000000000003,230.0,10.000000000000012,91682.70141582635,87734.64250318309,4.500000000000025,2,10.0,25.0,10.0,-0.5,True,False,207.0,253.00000000000003,scipy_segment_aware,True,53394536
354.20000000000005,322.0,10.000000000000014,46435.767194767475,44436.14085623681,4.500000000000023,2,10.0,25.0,10.0,-0.5,True,False,289.8,354.20000000000005,scipy_segment_aware,True,21438070
684.2,622.0,10.000000000000007,1949.9699999999998,1866.0,4.499999999999989,2,10.0,25.0,10.0,-0.5,True,False,559.8000000000001,684.2,scipy_segment_aware,True,1031788118934968242
207.9,189.0,10.000000000000004,4909.845278223982,4698.416534185628,4.500000000000019,2,10.0,25.0,10.0,-0.5,True,False,170.1,207.9,scipy_segment_aware,True,820054719534586021
161.70000000000002,147.0,10.000000000000012,12398.272582447209,11864.375676982972,4.500000000000024,2,10.0,25.0,10.0,-0.5,True,False,132.3,161.70000000000002,scipy_segment_aware,True,1191869212316588098
674.3000000000001,613.0,10.000000000000012,640.9135051282052,613.314358974359,4.500000000000001,2,10.0,25.0,10.0,-0.5,True,False,551.7,674.3000000000001,scipy_segment_aware,True,1090584145834779478
693.0,630.0,10.0,1975.0499999999997,1890.0,4.499999999999985,2,10.0,25.0,10.0,-0.5,True,False,567.0,693.0,scipy_segment_aware,True,839672970977133882
222.0,222.0,0.0,0.0,0.0,,2,10.0,25.0,10.0,-0.5,False,False,199.8,244.20000000000002,scipy_segment_aware,True,1488451319381430760
430.1,391.0,10.000000000000005,47495.94357814765,45450.66371114609,4.499999999999973,2,10.0,25.0,10.0,-0.5,True,False,351.90000000000003,430.1,scipy_segment_aware,True,28987619
75.0,75.0,0.0,0.0,0.0,,2,10.0,25.0,10.0,-0.5,False,False,67.5,82.5,scipy_segment_aware,True,1491571025291764502
155.10000000000002,141.0,10.000000000000016,300.54160602258844,287.5996229881229,4.499999999999997,2,10.0,25.0,10.0,-0.5,True,False,126.9,155.10000000000002,scipy_segment_aware,True,28107089
85.80000000000001,78.0,10.000000000000014,3631.742658585434,3474.1168263975437,4.537148290183988,2,10.0,25.0,10.0,-0.5,True,False,70.2,85.80000000000001,scipy_segment_aware,True,1356444446368117715
238.0,238.0,0.0,0.0,0.0,,2,10.0,25.0,10.0,-0.5,False,False,214.20000000000002,261.8,scipy_segment_aware,True,1063989434465450335
273.90000000000003,249.0,10.000000000000012,260.20500000000004,249.0,4.500000000000017,2,10.0,25.0,10.0,-0.5,True,False,224.1,273.90000000000003,scipy_segment_aware,True,1442686197805398632
184.8,168.0,10.000000000000005,1754.5924965811964,1679.0358818958819,4.499999999999994,2,10.0,25.0,10.0,-0.5,True,False,151.20000000000002,184.8,scipy_segment_aware,True,805552253185575099
139.70000000000002,127.0,10.000000000000012,1676.5960363725187,1604.39812093064,4.49999999999999,2,10.0,25.0,10.0,-0.5,True,False,114.3,139.70000000000002,scipy_segment_aware,True,1459936423983609819
180.0,180.0,0.0,0.0,0.0,,2,10.0,25.0,10.0,-0.5,False,False,162.0,198.00000000000003,scipy_segment_aware,True,1220937370041745832
213.4,194.0,10.000000000000004,3658.8892771866626,3501.3294518532666,4.4999999999999725,2,10.0,25.0,10.0,-0.5,True,False,174.6,213.4,scipy_segment_aware,True,49831205
139.0,139.0,0.0,0.0,0.0,,2,10.0,25.0,10.0,-0.5,False,False,125.10000000000001,152.9,scipy_segment_aware,True,1492906130890703053
233.20000000000002,212.0,10.000000000000007,13085.58960918263,12527.08909756977,4.458342295347842,2,10.0,25.0,10.0,-0.5,True,False,190.8,233.20000000000002,scipy_segment_aware,True,25001631
83.60000000000001,76.0,10.000000000000012,1507.3289876877598,1442.420083911731,4.5000000000000675,2,10.0,25.0,10.0,-0.5,True,False,68.4,83.60000000000001,scipy_segment_aware,True,892716427328543320
181.50000000000003,165.0,10.000000000000018,172.425,165.0,4.500000000000007,2,10.0,25.0,10.0,-0.5,True,False,148.5,181.50000000000003,scipy_segment_aware,True,1490459757831440515
441.1,401.0,10.000000000000005,8378.665093333333,8017.861333333333,4.499999999999997,2,10.0,25.0,10.0,-0.5,True,False,360.90000000000003,441.1,scipy_segment_aware,True,881611418562042967
125.4,114.0,10.000000000000005,119.13,114.0,4.499999999999996,2,10.0,25.0,10.0,-0.5,True,False,102.60000000000001,125.4,scipy_segment_aware,True,674828113068074626
99.00000000000001,90.0,10.000000000000016,1337.517410784314,1279.9209672577163,4.500000000000044,2,10.0,25.0,10.0,-0.5,True,False,81.0,99.00000000000001,scipy_segment_aware,True,1266768812805253989
232.10000000000002,211.0,10.00000000000001,3976.4223732894084,3805.188873961156,4.500000000000012,2,10.0,25.0,10.0,-0.5,True,False,189.9,232.10000000000002,scipy_segment_aware,True,1115904014103410235
209.00000000000003,190.0,10.000000000000014,1588.4,1520.0,4.500000000000006,2,10.0,25.0,10.0,-0.5,True,False,171.0,209.00000000000003,scipy_segment_aware,True,1380700216124988625
247.50000000000003,225.0,10.000000000000012,1881.0000000000002,1800.0,4.500000000000012,2,10.0,25.0,10.0,-0.5,True,False,202.5,247.50000000000003,scipy_segment_aware,True,1262766001678288777
88.0,80.0,10.0,13362.904322057331,12706.039679343996,5.169704009198001,2,10.0,25.0,10.0,-0.5,True,False,72.0,88.0,scipy_segment_aware,True,388315
130.9,119.0,10.000000000000005,870.485,833.0,4.500000000000002,2,10.0,25.0,10.0,-0.5,True,False,107.10000000000001,130.9,scipy_segment_aware,True,992482617190787593
242.00000000000003,220.0,10.000000000000012,21776.745291174673,20835.003016950366,4.520000661666093,2,10.0,25.0,10.0,-0.5,True,False,198.0,242.00000000000003,scipy_segment_aware,True,775106281907520742
108.9,99.0,10.000000000000005,413.82,396.0,4.499999999999998,2,10.0,25.0,10.0,-0.5,True,False,89.10000000000001,108.9,scipy_segment_aware,True,1356514772802283816
154.0,140.0,10.0,3384.6823045594288,3238.9304349850995,4.499999999999993,2,10.0,25.0,10.0,-0.5,True,False,126.0,154.0,scipy_segment_aware,True,1182099234547338013
217.8,198.0,10.000000000000005,6233.88444782904,5965.439662994294,4.5000000000000515,2,10.0,25.0,10.0,-0.5,True,False,178.20000000000002,217.8,scipy_segment_aware,True,632641891219131820
192.50000000000003,175.0,10.000000000000016,182.87500000000003,175.0,4.500000000000017,2,10.0,25.0,10.0,-0.5,True,False,157.5,192.50000000000003,scipy_segment_aware,True,1470300845419803507
316.8,288.0,10.000000000000004,1203.84,1152.0,4.499999999999993,2,10.0,25.0,10.0,-0.5,True,False,259.2,316.8,scipy_segment_aware,True,41951666
148.5,135.0,10.0,2542.8714203296704,2433.36978021978,4.5000000000000195,2,10.0,25.0,10.0,-0.5,True,False,121.5,148.5,scipy_segment_aware,True,5511934
202.4,184.0,10.000000000000004,13393.306246545766,12816.561001479202,4.500000000000001,2,10.0,25.0,10.0,-0.5,True,False,165.6,202.4,scipy_segment_aware,True,1150898768429788173
211.20000000000002,192.0,10.000000000000009,12257.142548496731,11729.323012915533,4.4999999999999964,2,10.0,25.0,10.0,-0.5,True,False,172.8,211.20000000000002,scipy_segment_aware,True,52987790
323.0,323.0,0.0,0.0,0.0,,2,10.0,25.0,10.0,-0.5,False,False,290.7,355.3,scipy_segment_aware,True,1039057121440130714
100.10000000000001,91.0,10.000000000000009,381.60333611111116,365.1706565656566,4.5000000000000036,2,10.0,25.0,10.0,-0.5,True,False,81.9,100.10000000000001,scipy_segment_aware,True,1146335864843964705
204.60000000000002,186.0,10.000000000000012,18938.81303448574,18123.266061708844,4.499999999999998,2,10.0,25.0,10.0,-0.5,True,False,167.4,204.60000000000002,scipy_segment_aware,True,928061318935228385
110.0,110.0,0.0,0.0,0.0,,2,10.0,25.0,10.0,-0.5,False,False,99.0,121.00000000000001,scipy_segment_aware,True,1028807172740546312
559.9000000000001,509.0,10.000000000000018,65211.16075625437,62403.02464713336,4.500000000000019,2,10.0,25.0,10.0,-0.5,True,False,458.1,559.9000000000001,scipy_segment_aware,True,584647893432611899
178.20000000000002,162.0,10.00000000000001,169.29000000000002,162.0,4.500000000000012,2,10.0,25.0,10.0,-0.5,True,False,145.8,178.20000000000002,scipy_segment_aware,True,847909973443080156
155.10000000000002,141.0,10.000000000000016,3241.2840223839867,3101.707198453576,4.499999999999992,2,10.0,25.0,10.0,-0.5,True,False,126.9,155.10000000000002,scipy_segment_aware,True,658761646782786102
177.10000000000002,161.0,10.000000000000014,336.49,322.0,4.500000000000003,2,10.0,25.0,10.0,-0.5,True,False,144.9,177.10000000000002,scipy_segment_aware,True,1196804123497007536
132.0,120.0,10.0,376.19999999999993,360.0,4.499999999999981,2,10.0,25.0,10.0,-0.5,True,False,108.0,132.0,scipy_segment_aware,True,848895351001518496
274.0,274.0,0.0,0.0,0.0,,2,10.0,25.0,10.0,-0.5,False,False,246.6,301.40000000000003,scipy_segment_aware,True,1438212169053417639
126.50000000000001,115.0,10.000000000000012,1442.636089794465,1380.5130045880046,4.5000000000000195,2,10.0,25.0,10.0,-0.5,True,False,103.5,126.50000000000001,scipy_segment_aware,True,1280679125519119375
114.4,104.0,10.000000000000005,329.1424888888889,314.96888888888896,4.4999999999999885,2,10.0,25.0,10.0,-0.5,True,False,93.60000000000001,114.4,scipy_segment_aware,True,1421702823803689370
95.7,87.0,10.000000000000004,363.65999999999997,348.0,4.499999999999991,2,10.0,25.0,10.0,-0.5,True,False,78.3,95.7,scipy_segment_aware,True,1465872091596688965
150.70000000000002,137.0,10.000000000000012,1286.2182208333336,1230.8308333333334,4.500000000000012,2,10.0,25.0,10.0,-0.5,True,False,123.3,150.70000000000002,scipy_segment_aware,True,1431351543097342583
462.00000000000006,420.0,10.000000000000012,9662.84856480425,9244.785038090191,4.52215519335021,2,10.0,25.0,10.0,-0.5,True,False,378.0,462.00000000000006,scipy_segment_aware,True,2070195
144.10000000000002,131.0,10.000000000000018,823.420778474766,787.9624674399674,4.50000000000001,2,10.0,25.0,10.0,-0.5,True,False,117.9,144.10000000000002,scipy_segment_aware,True,1411635924366347963
127.60000000000001,116.0,10.000000000000007,2060.1771637037036,1971.4614006734012,4.499999999999971,2,10.0,25.0,10.0,-0.5,True,False,104.4,127.60000000000001,scipy_segment_aware,True,1200690664956862578
240.0,240.0,0.0,0.0,0.0,,2,10.0,25.0,10.0,-0.5,False,False,216.0,264.0,scipy_segment_aware,True,1031340818893030825
176.0,160.0,10.0,6153.254911168569,5888.282211644564,4.499999999999998,2,10.0,25.0,10.0,-0.5,True,False,144.0,176.0,scipy_segment_aware,True,1157035918574473062
352.0,320.0,10.0,1339.1151746031746,1281.449927849928,4.499999999999997,2,10.0,25.0,10.0,-0.5,True,False,288.0,352.0,scipy_segment_aware,True,941151436787738627
126.50000000000001,115.0,10.000000000000012,4112.0421287188165,3934.9685442285313,4.500000000000032,2,10.0,25.0,10.0,-0.5,True,False,103.5,126.50000000000001,scipy_segment_aware,True,1095589322394710747
185.9,169.0,10.000000000000004,176.605,169.0,4.499999999999995,2,10.0,25.0,10.0,-0.5,True,False,152.1,185.9,scipy_segment_aware,True,1463031458037947471
247.50000000000003,225.0,10.000000000000012,4009.7844298507885,3837.114286938553,4.500000000000013,2,10.0,25.0,10.0,-0.5,True,False,202.5,247.50000000000003,scipy_segment_aware,True,47173449
144.10000000000002,131.0,10.000000000000018,3017.2118853771494,2887.284100839377,4.500000000000013,2,10.0,25.0,10.0,-0.5,True,False,117.9,144.10000000000002,scipy_segment_aware,True,680071403346938763
467.50000000000006,425.0,10.000000000000012,3553.0000000000005,3400.0,4.500000000000013,2,10.0,25.0,10.0,-0.5,True,False,382.5,467.50000000000006,scipy_segment_aware,True,53249119
180.4,164.0,10.000000000000004,22600.163127864802,21626.95036159311,4.500000000000011,2,10.0,25.0,10.0,-0.5,True,False,147.6,180.4,scipy_segment_aware,True,48927954
157.3,143.0,10.000000000000007,3140.4168197023805,3003.7329761904757,4.550465856830453,2,10.0,25.0,10.0,-0.5,True,False,128.70000000000002,157.3,scipy_segment_aware,True,881549510475246773
203.0,203.0,0.0,0.0,0.0,,2,10.0,25.0,10.0,-0.5,False,False,182.70000000000002,223.3,scipy_segment_aware,True,1390523970225079958
205.70000000000002,187.0,10.000000000000009,586.245,561.0,4.500000000000001,2,10.0,25.0,10.0,-0.5,True,False,168.3,205.70000000000002,scipy_segment_aware,True,1207498760436674824
181.50000000000003,165.0,10.000000000000018,4129.750935816107,3951.914771115891,4.500000000000015,2,10.0,25.0,10.0,-0.5,True,False,148.5,181.50000000000003,scipy_segment_aware,True,3436430
144.0,144.0,0.0,0.0,0.0,,2,10.0,25.0,10.0,-0.5,False,False,129.6,158.4,scipy_segment_aware,True,832385060907328706
360.8,328.0,10.000000000000004,6514.074978605426,6233.564572828159,4.499999999999996,2,10.0,25.0,10.0,-0.5,True,False,295.2,360.8,scipy_segment_aware,True,1384264791851872682
132.0,120.0,10.0,501.59999999999997,480.0,4.499999999999993,2,10.0,25.0,10.0,-0.5,True,False,108.0,132.0,scipy_segment_aware,True,931961307142830304
340.0,340.0,0.0,0.0,0.0,,2,10.0,25.0,10.0,-0.5,False,False,306.0,374.00000000000006,scipy_segment_aware,True,1398667457607094003
443.0,443.0,0.0,0.0,0.0,,2,10.0,25.0,10.0,-0.5,False,False,398.7,487.3,scipy_segment_aware,True,1445651361620317705
164.0,164.0,0.0,0.0,0.0,,2,10.0,25.0,10.0,-0.5,False,False,147.6,180.4,scipy_segment_aware,True,1473166587835529209
225.50000000000003,205.0,10.000000000000014,2997.7379347706656,2868.6487414073354,4.5000000000000036,2,10.0,25.0,10.0,-0.5,True,False,184.5,225.50000000000003,scipy_segment_aware,True,16647148
80.30000000000001,73.0,10.000000000000016,381.4279396917148,365.00281310211943,4.500000000000001,2,10.0,25.0,10.0,-0.5,True,False,65.7,80.30000000000001,scipy_segment_aware,True,1425215212282411896
473.00000000000006,430.0,10.000000000000012,449.35,430.0,4.500000000000005,2,10.0,25.0,10.0,-0.5,True,False,387.0,473.00000000000006,scipy_segment_aware,True,894044445768914603
311.3,283.0,10.000000000000004,4427.111915923143,4238.357399607473,4.453482765119129,2,10.0,25.0,10.0,-0.5,True,False,254.70000000000002,311.3,scipy_segment_aware,True,1142696722359674758
199.10000000000002,181.0,10.000000000000012,2835.827638122262,2714.7664918235364,4.459357615593959,2,10.0,25.0,10.0,-0.5,True,False,162.9,199.10000000000002,scipy_segment_aware,True,5412911
159.5,145.0,10.0,8578.184431493297,8208.78892965866,4.499999999999966,2,10.0,25.0,10.0,-0.5,True,False,130.5,159.5,scipy_segment_aware,True,1172980761940804087
224.0,224.0,0.0,0.0,0.0,,2,10.0,25.0,10.0,-0.5,False,False,201.6,246.40000000000003,scipy_segment_aware,True,1413048755668024440
148.5,135.0,10.0,1265.2006212765957,1210.7182978723404,4.500000000000002,2,10.0,25.0,10.0,-0.5,True,False,121.5,148.5,scipy_segment_aware,True,886787123893959190
270.6,246.0,10.000000000000009,5390.842962970625,5158.70139997189,4.499999999999999,2,10.0,25.0,10.0,-0.5,True,False,221.4,270.6,scipy_segment_aware,True,1241739909919060339
140.0,140.0,0.0,0.0,0.0,,2,10.0,25.0,10.0,-0.5,False,False,126.0,154.0,scipy_segment_aware,True,1495388109817936693
93.0,93.0,0.0,0.0,0.0,,2,10.0,25.0,10.0,-0.5,False,False,83.7,102.30000000000001,scipy_segment_aware,True,1477568240648619671
250.8,228.0,10.000000000000005,10282.005895109174,9838.588662442131,4.506919110865423,2,10.0,25.0,10.0,-0.5,True,False,205.20000000000002,250.8,scipy_segment_aware,True,950665216346050072
321.20000000000005,292.0,10.000000000000016,12260.506302710266,11727.814297421532,4.542125171660091,2,10.0,25.0,10.0,-0.5,True,False,262.8,321.20000000000005,scipy_segment_aware,True,751572151889743561
227.0,227.0,0.0,0.0,0.0,,2,10.0,25.0,10.0,-0.5,False,False,204.3,249.70000000000002,scipy_segment_aware,True,1401943834820878930
1800.0,1800.0,0.0,0.0,0.0,,2,10.0,25.0,10.0,-0.5,False,False,1620.0,1980.0000000000002,scipy_segment_aware,True,1144227618990761475
148.5,135.0,10.0,2687.9224,2572.1745454545458,4.499999999999985,2,10.0,25.0,10.0,-0.5,True,False,121.5,148.5,scipy_segment_aware,True,1093505537976568676
467.50000000000006,425.0,10.000000000000012,444.12500000000006,425.0,4.500000000000013,2,10.0,25.0,10.0,-0.5,True,False,382.5,467.50000000000006,scipy_segment_aware,True,1350147928182021459
