optimal_price,current_price,price_change_pct,optimal_revenue,current_revenue,revenue_lift_pct,revenue_std,revenue_ci_lower,revenue_ci_upper,segment,segment_base_cap,elasticity_based_cap,final_max_increase_pct,elasticity,method,converged,listing_id
37.199999999999996,31.0,19.999999999999986,892.9875248385947,744.399260597819,19.96082910150208,0.019222096653820474,892.9374421450854,893.0127927639684,0,20.0,25.0,20.0,-0.5,bayesian,True,1037342060076318132
96.0,80.0,20.0,3544.6160694730106,2953.8467245608417,20.000000000000018,0.09279560330023638,3544.428580485053,3544.79233924999,0,20.0,25.0,20.0,-0.5,bayesian,True,1189765581535381646
38.923538467382144,42.0,-7.324908410994895,0.0,0.0,,0.0002989869186901042,-0.0005860143606326042,0.0005860143606326042,0,20.0,25.0,20.0,-0.5,bayesian,True,1151341660702973934
54.0,45.0,20.0,54.0,45.0,20.0,0.001182612848172278,53.99741181443992,54.002047656804756,0,20.0,25.0,20.0,-0.5,bayesian,True,946056746442633477
64.8,54.0,19.999999999999996,2137.2240766813647,1782.1960639011368,19.920816792911644,0.05031326194334971,2137.1329361688754,2137.330164155693,0,20.0,25.0,20.0,-0.5,bayesian,True,1165212059900490750
100.8,84.0,19.999999999999996,403.2,336.0,19.999999999999996,0.010874683105527829,403.17775111844776,403.2203798762214,0,20.0,25.0,20.0,-0.5,bayesian,True,1451452835041453088
162.0,135.0,20.0,3734.108307692308,3111.756923076923,20.0,0.0954571399745783,3733.918829204254,3734.2930211929547,0,20.0,25.0,20.0,-0.5,bayesian,True,34900021
51.6,43.0,20.000000000000004,1088.0693154162566,906.7244295135472,19.999999999999996,0.02580352837104498,1088.0136050678052,1088.1147548990198,0,20.0,25.0,20.0,-0.5,bayesian,True,774744815962858757
130.79999999999998,109.0,19.999999999999986,396.283056943057,330.23588078588085,19.999999999999986,0.009879382799925323,396.2632209388869,396.3019481194626,0,20.0,25.0,20.0,-0.5,bayesian,True,1483557080432062694
132.0,110.0,20.0,14616.138236299648,12171.255563216739,20.08734974287856,0.305541953961102,14615.405041594797,14616.602766054326,0,20.0,25.0,20.0,-0.5,bayesian,True,861490005134416758
54.0,45.0,20.0,3549.9354599185986,2958.2795499321646,20.000000000000036,0.09217783425825798,3549.7352528474694,3550.0965899577614,0,20.0,25.0,20.0,-0.5,bayesian,True,25804607
45.6,38.0,20.000000000000004,273.6,228.0,20.00000000000001,0.007628591841599797,273.58329215812137,273.6131962381404,0,20.0,25.0,20.0,-0.5,bayesian,True,1125397645664545877
50.4,42.0,19.999999999999996,5175.799466500681,4314.592011557585,19.960345094881802,0.14424619088924787,5175.516592397347,5176.082037465632,0,20.0,25.0,20.0,-0.5,bayesian,True,1115361359831188955
49.199999999999996,41.0,19.99999999999999,245.7266666666667,204.7722222222222,20.000000000000018,0.006232867810902869,245.7132896100696,245.73772245188835,0,20.0,25.0,20.0,-0.5,bayesian,True,1227709060927897487
150.0,125.0,20.0,6610.186684069196,5508.488903390997,20.000000000000007,0.14308407167410275,6609.901406706855,6610.462296267817,0,20.0,25.0,20.0,-0.5,bayesian,True,830415323934565611
40.8,34.0,19.999999999999993,2820.739687968173,2350.6164066401443,19.999999999999986,0.06513936905745564,2820.5951549182414,2820.8505012449464,0,20.0,25.0,20.0,-0.5,bayesian,True,53618543
38.4,32.0,19.999999999999996,349.35659682539676,291.1304973544973,19.999999999999993,0.00805807834523583,349.33925740677046,349.37084507388374,0,20.0,25.0,20.0,-0.5,bayesian,True,1379785444353518825
43.840796098313284,41.0,6.928770971495814,0.0,0.0,,0.00020869357503489863,-0.0004090394070684013,0.0004090394070684013,0,20.0,25.0,20.0,-0.5,bayesian,True,1378450462479397333
74.45509947161793,72.0,3.4098603772471217,0.0,0.0,,0.00024356631424660006,-0.0004773899759233361,0.0004773899759233361,0,20.0,25.0,20.0,-0.5,bayesian,True,1399908591134047549
42.0,35.0,20.0,42.0,35.0,20.0,0.0009542235504713428,41.99784496279032,42.00158551910817,0,20.0,25.0,20.0,-0.5,bayesian,True,1482014069125778699
42.51311577061258,40.0,6.282789426531448,0.0,0.0,,0.0002070225030440654,-0.0004057641059663682,0.0004057641059663682,0,20.0,25.0,20.0,-0.5,bayesian,True,941866686563442368
61.199999999999996,51.0,19.999999999999993,15488.04259439683,12906.702161997357,20.00000000000001,0.36900215417253884,15487.257541913628,15488.704030357983,0,20.0,25.0,20.0,-0.5,bayesian,True,6069107
75.6,63.0,19.99999999999999,8800.460472259632,7320.087252524051,20.223436807056245,0.19602398140957883,8800.09705636905,8800.865470376175,0,20.0,25.0,20.0,-0.5,bayesian,True,749698263359225006
81.76486975072116,81.0,0.9442836428656306,0.0,0.0,,0.00027075976930174755,-0.0005306891478314251,0.0005306891478314251,0,20.0,25.0,20.0,-0.5,bayesian,True,937499838732759582
39.6,33.0,20.000000000000004,277.2,231.0,19.999999999999996,0.0063346417152901615,277.18619936515256,277.2110311606765,0,20.0,25.0,20.0,-0.5,bayesian,True,1434194008647999784
66.0,55.0,20.0,1119.219712095095,932.683093412579,20.00000000000003,0.02684771426290408,1119.1631374196324,1119.2683804595429,0,20.0,25.0,20.0,-0.5,bayesian,True,1393425725532304697
73.2,61.0,20.000000000000004,19792.589512436698,16493.824593697238,20.000000000000075,0.34738471187019354,19791.815931187564,19793.177679258093,0,20.0,25.0,20.0,-0.5,bayesian,True,4309179
36.00414488761346,39.0,-7.681679775350111,0.0,0.0,,0.0002870695434883461,-0.0005626563052371584,0.0005626563052371584,0,20.0,25.0,20.0,-0.5,bayesian,True,1342233155098956474
62.4,52.0,20.0,125.47022222222223,104.55851851851851,20.000000000000018,0.0028481351487524872,125.46405493954784,125.47521962933094,0,20.0,25.0,20.0,-0.5,bayesian,True,1449874115500762306
108.0,90.0,20.0,863.6614285714286,719.7178571428572,20.0,0.023293680352149716,863.6146510085111,863.7059622354916,0,20.0,25.0,20.0,-0.5,bayesian,True,1151600366384986865
92.39999999999999,77.0,19.99999999999999,8049.158536469004,6707.632113724169,20.000000000000007,0.1740505019844363,8048.800429107782,8049.482707075561,0,20.0,25.0,20.0,-0.5,bayesian,True,604380279526963959
57.599999999999994,48.0,19.999999999999986,172.79999999999998,144.0,19.999999999999986,0.0037273679574374927,172.79174066787883,172.806351950272,0,20.0,25.0,20.0,-0.5,bayesian,True,1442776450350160274
75.6,63.0,19.99999999999999,1967.0666794763044,1639.2222328969203,20.000000000000004,0.055675772036327634,1966.949632210654,1967.1678812370362,0,20.0,25.0,20.0,-0.5,bayesian,True,1150336276453533030
61.199999999999996,51.0,19.999999999999993,306.2743583815029,255.22863198458577,19.99999999999999,0.00825028877546815,306.256467845598,306.28880897759785,0,20.0,25.0,20.0,-0.5,bayesian,True,1145584763529411168
72.0,60.0,20.0,360.0,300.0,20.0,0.009951049316817468,359.97904102159896,360.01804913492083,0,20.0,25.0,20.0,-0.5,bayesian,True,949239050739495156
57.599999999999994,48.0,19.999999999999986,1555.0150603166894,1295.4832169305748,20.033593642458044,0.03814822070712297,1554.9294972684197,1555.0790382935916,0,20.0,25.0,20.0,-0.5,bayesian,True,31182349
66.0,55.0,20.0,18885.116684694396,15732.63866581676,20.037821282498612,0.40537147379200794,18884.419658793362,18886.008714970623,0,20.0,25.0,20.0,-0.5,bayesian,True,2524622
43.199999999999996,36.0,19.999999999999986,257.2591428571429,214.38261904761907,19.999999999999996,0.006582192996611635,257.24460024712585,257.27040244367254,0,20.0,25.0,20.0,-0.5,bayesian,True,53887963
75.6,63.0,19.99999999999999,8337.805010898697,6948.170842415582,19.99999999999998,0.18291460608498558,8337.427176767389,8338.144202023243,0,20.0,25.0,20.0,-0.5,bayesian,True,931704311070031139
80.39999999999999,67.0,19.999999999999986,4810.336726789242,4014.85745547455,19.813387651658662,0.12064034118676083,4810.095817716053,4810.568727853505,0,20.0,25.0,20.0,-0.5,bayesian,True,1011631753979129799
90.0,75.0,20.0,632.7615167490169,527.301263957514,20.00000000000001,0.014367736069326717,632.7323099107833,632.788631436175,0,20.0,25.0,20.0,-0.5,bayesian,True,1279787784462222058
84.0,70.0,20.0,1843.7817550298216,1535.2650263684154,20.09534011148456,0.047707994121544105,1843.6928051043496,1843.879820441306,0,20.0,25.0,20.0,-0.5,bayesian,True,1071715478605518546
50.4,42.0,19.999999999999996,705.3759999999999,587.8133333333333,19.999999999999986,0.01822867102280328,705.336225523011,705.4076819134203,0,20.0,25.0,20.0,-0.5,bayesian,True,917162753082548360
49.199999999999996,41.0,19.99999999999999,9094.316101033779,7581.656370741601,19.951573328088163,0.27044507090516023,9093.838486006338,9094.898630684285,0,20.0,25.0,20.0,-0.5,bayesian,True,4723195
67.97281723062709,73.0,-6.886551738867006,0.0,0.0,,0.00026995132886107085,-0.0005291046045676988,0.0005291046045676988,0,20.0,25.0,20.0,-0.5,bayesian,True,19088658
48.0,40.0,20.0,48.0,40.0,20.0,0.0011568388502767606,47.99757832575114,48.00211313404423,0,20.0,25.0,20.0,-0.5,bayesian,True,1216687643576301332
66.45534470463166,66.0,0.6899162191388732,0.0,0.0,,0.00023196731635205192,-0.00045465594005002176,0.00045465594005002176,0,20.0,25.0,20.0,-0.5,bayesian,True,1301731061059641811
71.84192056838046,64.0,12.253000888094467,0.0,0.0,,0.00025661073325006586,-0.0005029570371701291,0.0005029570371701291,0,20.0,25.0,20.0,-0.5,bayesian,True,893323954847972465
64.8,54.0,19.999999999999996,709.776,591.48,19.999999999999986,0.017968812226077692,709.7377547987295,709.8081925426558,0,20.0,25.0,20.0,-0.5,bayesian,True,1263831951922783097
75.6,63.0,19.99999999999999,3998.6092313451263,3332.501026120938,19.988237062886796,0.0822415671046741,3998.4399981939023,3998.7623851369526,0,20.0,25.0,20.0,-0.5,bayesian,True,1252692722383411450
72.0,60.0,20.0,432.0,360.0,20.0,0.011754708839372373,431.97525848084905,432.02133693949935,0,20.0,25.0,20.0,-0.5,bayesian,True,1313869616363834999
72.0,60.0,20.0,72.0,60.0,20.0,0.0017759950331464056,71.99626935993518,72.00323126046513,0,20.0,25.0,20.0,-0.5,bayesian,True,1036463721507978621
108.0,90.0,20.0,6187.751796259469,5156.459830216223,20.000000000000032,0.14415614755454687,6187.4983350128,6188.063427111214,0,20.0,25.0,20.0,-0.5,bayesian,True,1118833752294474537
176.4,147.0,20.000000000000004,2309.856793226382,1924.8806610219847,20.00000000000001,0.053992174511459344,2309.749051927047,2309.9607012511315,0,20.0,25.0,20.0,-0.5,bayesian,True,1449978388567815115
157.2,131.0,19.99999999999999,2357.550448540349,1963.75204045029,20.053367226534398,0.044242645553609676,2357.4743562055105,2357.647787376081,0,20.0,25.0,20.0,-0.5,bayesian,True,1119091055624957989
64.8,54.0,19.999999999999996,777.5999999999999,648.0,19.999999999999986,0.017588354303392274,777.5622469054806,777.6311932543499,0,20.0,25.0,20.0,-0.5,bayesian,True,1095699735635631730
421.2,351.0,19.999999999999996,422.60400000000004,352.17,20.000000000000007,0.010596416788342578,422.5823188791619,422.62385683297225,0,20.0,25.0,20.0,-0.5,bayesian,True,1177324598537553655
120.0,100.0,20.0,1925.7767913132625,1604.8139927610516,20.000000000000036,0.045782168981022164,1925.684630654886,1925.8640967572915,0,20.0,25.0,20.0,-0.5,bayesian,True,29277766
92.39999999999999,77.0,19.99999999999999,92.39999999999999,77.0,19.99999999999999,0.00217868743719765,92.39553137050046,92.40407182525428,0,20.0,25.0,20.0,-0.5,bayesian,True,1430630676498720280
39.88879083457952,44.0,-9.343657194137462,0.0,0.0,,0.0003314146418097577,-0.0006495726979471251,0.0006495726979471251,0,20.0,25.0,20.0,-0.5,bayesian,True,1218070494905219996
49.199999999999996,41.0,19.99999999999999,1179.4879999999998,982.9066666666666,19.999999999999986,0.02843267213560626,1179.4242068021986,1179.53566287697,0,20.0,25.0,20.0,-0.5,bayesian,True,1066528122377919132
84.0,70.0,20.0,2253.118415715497,1878.0229221871564,19.97289218874402,0.05719774700345264,2253.0016728560286,2253.2258880242825,0,20.0,25.0,20.0,-0.5,bayesian,True,702146722523740819
37.491994338143925,36.0,4.144428717066459,0.0,0.0,,0.0002037292413816969,-0.0003993093131081259,0.0003993093131081259,0,20.0,25.0,20.0,-0.5,bayesian,True,1300137234664592979
70.8,59.0,19.999999999999996,2064.083119859879,1720.069266549899,20.0,0.05011127743277159,2063.978610358146,2064.175046565683,0,20.0,25.0,20.0,-0.5,bayesian,True,392141
70.49140994890934,68.0,3.663838160160788,0.0,0.0,,0.0002339257064137164,-0.00045849438457088414,0.00045849438457088414,0,20.0,25.0,20.0,-0.5,bayesian,True,1490666008214886174
87.6477542065103,87.0,0.7445450649543672,0.0,0.0,,0.0002693523488674821,-0.0005279306037802648,0.0005279306037802648,0,20.0,25.0,20.0,-0.5,bayesian,True,1503753195546480807
226.79999999999998,189.0,19.99999999999999,2263.0607999999997,1885.8839999999998,20.0,0.053260591382416046,2262.9547063023992,2263.1634878206187,0,20.0,25.0,20.0,-0.5,bayesian,True,564241110298869663
38.4,32.0,19.999999999999996,1465.1192116432585,1220.0082319249373,20.09092834821151,0.036010500058726545,1465.0592566720422,1465.2004178322725,0,20.0,25.0,20.0,-0.5,bayesian,True,1024690864036232981
74.31931581217795,75.0,-0.90757891709607,0.0,0.0,,0.00024824421143803034,-0.00048655865441853943,0.00048655865441853943,0,20.0,25.0,20.0,-0.5,bayesian,True,892169909428700338
56.28577049419856,55.0,2.3377645349064706,0.0,0.0,,0.00022067019112894867,-0.00043251357461273937,0.00043251357461273937,0,20.0,25.0,20.0,-0.5,bayesian,True,1375518332770714148
69.12088813307955,60.0,15.201480221799244,0.0,0.0,,0.00027074137558468587,-0.0005306530961459843,0.0005306530961459843,0,20.0,25.0,20.0,-0.5,bayesian,True,21894746
78.0,65.0,20.0,1482.7848552754435,1235.509601618425,20.014029298769227,0.04140629379256813,1482.7021596391726,1482.8644723108393,0,20.0,25.0,20.0,-0.5,bayesian,True,904937269771822097
24.0,20.0,20.0,1157.2888101303379,964.72384009178,19.960631430051325,0.028449684563574027,1157.2104768219895,1157.3219995854786,0,20.0,25.0,20.0,-0.5,bayesian,True,21197155
114.0,95.0,20.0,456.0,380.0,20.0,0.010621035814676289,455.97841400603636,456.0200484664299,0,20.0,25.0,20.0,-0.5,bayesian,True,1257946701320060667
75.6,63.0,19.99999999999999,302.87972307692314,252.3997692307693,19.999999999999996,0.007533911306882221,302.86386763323145,302.8934005655544,0,20.0,25.0,20.0,-0.5,bayesian,True,13469590
82.8,69.0,19.999999999999996,9095.84867677936,7578.389351861587,20.023507033787045,0.25358774654498606,9095.35181202533,9096.345875991787,0,20.0,25.0,20.0,-0.5,bayesian,True,1173184173207564075
70.8,59.0,19.999999999999996,70.8,59.0,19.999999999999996,0.0016908012897552179,70.7964119132672,70.80303985432306,0,20.0,25.0,20.0,-0.5,bayesian,True,1184197906414888598
33.689386388155796,35.0,-3.7446103195548677,0.0,0.0,,0.00025291971505885273,-0.0004957226415153513,0.0004957226415153513,0,20.0,25.0,20.0,-0.5,bayesian,True,1416726921368370348
108.0,90.0,20.0,216.36,180.3,20.0,0.00526662670606089,216.3492645887739,216.36990976546167,0,20.0,25.0,20.0,-0.5,bayesian,True,917419336324240200
72.0,60.0,20.0,9071.285694893344,7559.404745744449,20.000000000000064,0.24617747967452502,9070.770656156088,9071.735671876413,0,20.0,25.0,20.0,-0.5,bayesian,True,50467937
75.6,63.0,19.99999999999999,151.2,126.0,19.99999999999999,0.00400573011854911,151.19175779852938,151.2074602605941,0,20.0,25.0,20.0,-0.5,bayesian,True,851470506773583894
60.0,50.0,20.0,11610.725518727922,9675.604598939934,20.000000000000025,0.3384539515237419,11609.9826338695,11611.309373359474,0,20.0,25.0,20.0,-0.5,bayesian,True,41706088
104.39999999999999,87.0,19.99999999999999,1064.3124487295645,887.5484691793987,19.915980443704285,0.023638419600180562,1064.272829264089,1064.3654918689217,0,20.0,25.0,20.0,-0.5,bayesian,True,1311792060870774981
129.6,108.0,19.999999999999996,647.6856342096927,539.7380285080772,20.00000000000002,0.015521965824074217,647.654468864975,647.7153149710053,0,20.0,25.0,20.0,-0.5,bayesian,True,1006158113346242487
43.199999999999996,36.0,19.999999999999986,4667.584501498501,3873.0903080253074,20.513185345225416,0.1283218852022759,4667.331968671374,4667.834990461367,0,20.0,25.0,20.0,-0.5,bayesian,True,18148729
34.8,29.0,19.99999999999999,139.2,116.0,19.99999999999999,0.0037157554104963316,139.1923235473257,139.20688930853487,0,20.0,25.0,20.0,-0.5,bayesian,True,1268229486846162856
154.79999999999998,129.0,19.999999999999986,1083.6,903.0,19.99999999999999,0.031126158990562938,1083.537893490544,1083.6599080337871,0,20.0,25.0,20.0,-0.5,bayesian,True,729028095827522861
201.6,168.0,19.999999999999996,36743.95762986569,30640.60469155474,19.91916608614834,0.9347725179886204,36741.78555204097,36745.449860311484,0,20.0,25.0,20.0,-0.5,bayesian,True,52562054
37.199999999999996,31.0,19.999999999999986,1044.6012491383055,870.501040948588,20.0,0.02481558100947639,1044.5488932652236,1044.6461703427806,0,20.0,25.0,20.0,-0.5,bayesian,True,1146893118879610853
204.0,170.0,20.0,1021.7973333333333,851.4977777777777,20.000000000000004,0.02185010674815393,1021.7540859294393,1021.8397383478921,0,20.0,25.0,20.0,-0.5,bayesian,True,599122309416293420
40.36861021950866,39.0,3.5092569730991294,0.0,0.0,,0.00020626592872227472,-0.00040428122029565844,0.00040428122029565844,0,20.0,25.0,20.0,-0.5,bayesian,True,652936957853391170
50.4,42.0,19.999999999999996,4632.70789247079,3860.589910392324,20.000000000000043,0.09984337794055188,4632.487430189176,4632.878816230703,0,20.0,25.0,20.0,-0.5,bayesian,True,391672
93.6,78.0,19.999999999999993,1868.4701467582486,1557.0584556318736,20.000000000000018,0.03676294304434338,1868.392860194369,1868.5369709311026,0,20.0,25.0,20.0,-0.5,bayesian,True,1203608242536281560
93.6,78.0,19.999999999999993,7038.882073432243,5862.697807225282,20.06216770643392,0.14354484237413834,7038.666028710775,7039.228724492881,0,20.0,25.0,20.0,-0.5,bayesian,True,441459
73.2,61.0,20.000000000000004,2780.51602266698,2317.096685555815,20.00000000000009,0.06934175174673023,2780.369031525959,2780.6408511928066,0,20.0,25.0,20.0,-0.5,bayesian,True,4947066
60.0,50.0,20.0,2046.2060935840905,1705.1717446534087,20.0,0.04521031694610384,2046.1040644496368,2046.2812888920655,0,20.0,25.0,20.0,-0.5,bayesian,True,690157835804403962
66.0,55.0,20.0,1533.62251463484,1276.340575382513,20.15778109813839,0.03622492029762051,1533.5735948664576,1533.7155965540244,0,20.0,25.0,20.0,-0.5,bayesian,True,854981006670407480
55.199999999999996,46.0,19.99999999999999,662.3700997123201,551.9750830936001,19.999999999999993,0.01843385099881093,662.3307993632636,662.4030600591789,0,20.0,25.0,20.0,-0.5,bayesian,True,1022467003880360069
181.2,151.0,19.999999999999993,8029.216344338872,6691.013620282394,19.999999999999982,0.19756993588909913,8028.8227100354725,8029.597184184158,0,20.0,25.0,20.0,-0.5,bayesian,True,6923659
56.4,47.0,20.0,169.2,141.0,19.999999999999993,0.004139988804356299,169.19078703800898,169.20701579412207,0,20.0,25.0,20.0,-0.5,bayesian,True,1331898430356573946
126.49999999999999,110.0,14.999999999999988,1899.5146784488877,1652.3385609700472,14.959168981309103,0.04260316551218679,1899.4435857890685,1899.6105901978763,1,15.0,25.0,15.0,-0.5,bayesian,True,52180527
142.6,124.0,14.999999999999996,1281.4088814814816,1114.2685925925928,14.999999999999988,0.02411582088238949,1281.3606355071008,1281.45516952496,1,15.0,25.0,15.0,-0.5,bayesian,True,1420302385651079723
154.1,134.0,14.999999999999996,1876.4695491569958,1631.7126514408656,15.000000000000021,0.03678889379179352,1876.3954382841268,1876.5396507477906,1,15.0,25.0,15.0,-0.5,bayesian,True,739632663498909469
171.35,149.0,14.999999999999996,171.35,149.0,14.999999999999996,0.004052920868333532,171.3419010410071,171.35778849081098,1,15.0,25.0,15.0,-0.5,bayesian,True,1488961198254604745
138.0,120.0,15.0,276.0,240.0,15.0,0.0067427991150088296,275.98655126513734,276.01298303766816,1,15.0,25.0,15.0,-0.5,bayesian,True,1294020176849811669
188.6,164.0,14.999999999999996,376.94853333333333,327.78133333333335,14.999999999999995,0.009357709538703171,376.9299532712638,376.96663549265554,1,15.0,25.0,15.0,-0.5,bayesian,True,1160872831311872776
155.25,135.0,15.0,1086.75,945.0,15.0,0.025464234709864964,1086.6987770062758,1086.7985968063383,1,15.0,25.0,15.0,-0.5,bayesian,True,1439491261786623481
233.45,203.0,14.999999999999995,1838.4363683031909,1598.6403202636438,15.000000000000027,0.042409816780387855,1838.352687249699,1838.5189337314782,1,15.0,25.0,15.0,-0.5,bayesian,True,1394207256270498500
456.54999999999995,397.0,14.999999999999988,913.0999999999999,794.0,14.999999999999988,0.019166780357686326,913.0598943202406,913.1350280992426,1,15.0,25.0,15.0,-0.5,bayesian,True,51738794
197.79999999999998,172.0,14.999999999999991,3900.536259016171,3384.9671044585057,15.231142242965486,0.0868717468911416,3900.3642017624215,3900.7047390102352,1,15.0,25.0,15.0,-0.5,bayesian,True,1103171836400045937
36.8,32.0,14.999999999999991,110.39999999999999,96.0,14.999999999999991,0.0025855275661417305,110.39440877859134,110.40454404665063,1,15.0,25.0,15.0,-0.5,bayesian,True,1369548067932563463
136.85,119.0,14.999999999999995,273.7,238.0,14.999999999999995,0.005868273476554655,273.6881387191016,273.7111423511297,1,15.0,25.0,15.0,-0.5,bayesian,True,1356438698045406026
128.79999999999998,112.0,14.999999999999986,2066.3555462254526,1796.8309097612625,15.000000000000039,0.042956430095384995,2066.26729556145,2066.4356847674235,1,15.0,25.0,15.0,-0.5,bayesian,True,1399208319790713340
113.85,99.0,14.999999999999995,239.56696957774292,208.319103980646,15.000000000000016,0.004804711697713411,239.5571918141374,239.57602628399246,1,15.0,25.0,15.0,-0.5,bayesian,True,1474388405983182573
194.35,169.0,14.999999999999996,388.7,338.0,14.999999999999996,0.005824639675380623,388.688392816876,388.71122540440354,1,15.0,25.0,15.0,-0.5,bayesian,True,1066628255916301154
40.25,35.0,15.0,723.5590231481482,629.1817592592593,15.000000000000007,0.015857983769367083,723.5254612797152,723.5876245760911,1,15.0,25.0,15.0,-0.5,bayesian,True,52276223
300.15,261.0,14.999999999999991,600.3,522.0,14.999999999999991,0.013975961785071237,600.2720196279611,600.3268053981585,1,15.0,25.0,15.0,-0.5,bayesian,True,23443639
54.05,47.0,14.999999999999995,430.6592898222149,374.48633897583903,14.999999999999996,0.008685325164648015,430.6404342411034,430.67448071574876,1,15.0,25.0,15.0,-0.5,bayesian,True,1217146878215827075
134.54999999999998,117.0,14.999999999999986,538.2073224489795,468.00636734693876,14.999999999999995,0.012270495778998075,538.1827245762162,538.2308249196698,1,15.0,25.0,15.0,-0.5,bayesian,True,1143400362985234551
225.39999999999998,196.0,14.999999999999988,1803.1999999999998,1568.0,14.999999999999988,0.03491017482286197,1803.130560190919,1803.2674080762245,1,15.0,25.0,15.0,-0.5,bayesian,True,53184459
270.25,235.0,15.0,1623.9403630952381,1412.1220548654244,15.000000000000005,0.032784035538464415,1623.875629551963,1624.0041429712737,1,15.0,25.0,15.0,-0.5,bayesian,True,1006178197436923427
127.64999999999999,111.0,14.999999999999991,2547.3049997920384,2215.04782590612,15.000000000000014,0.06116965411984181,2547.1819791954113,2547.4217642395606,1,15.0,25.0,15.0,-0.5,bayesian,True,553295531866096004
180.54999999999998,157.0,14.999999999999988,722.215632034632,628.013593073593,15.000000000000002,0.015755865742630493,722.184272621731,722.246035615442,1,15.0,25.0,15.0,-0.5,bayesian,True,1331946460238227167
189.74999999999997,165.0,14.999999999999982,754.8639376417232,656.4034240362812,14.999999999999968,0.01681738062408285,754.8305823866053,754.8965065186517,1,15.0,25.0,15.0,-0.5,bayesian,True,928753242878340147
156.39999999999998,136.0,14.999999999999982,157.6487159274124,137.08583993688035,15.000000000000007,0.0033679568632023946,157.64196767627644,157.6551700671802,1,15.0,25.0,15.0,-0.5,bayesian,True,1399839926867315976
136.85,119.0,14.999999999999995,410.5785269033778,357.0248060029372,14.999999999999995,0.008259560407559272,410.5620851713857,410.5944626481833,1,15.0,25.0,15.0,-0.5,bayesian,True,1327656046953460695
131.1,114.0,14.999999999999995,131.1,114.0,14.999999999999995,0.002544364046821091,131.0947895998555,131.104763506919,1,15.0,25.0,15.0,-0.5,bayesian,True,1471619132116498016
246.1,214.0,14.999999999999996,492.2,428.0,14.999999999999996,0.011583341620991984,492.1769547228524,492.2223614220067,1,15.0,25.0,15.0,-0.5,bayesian,True,834354301632794662
50.599999999999994,44.0,14.999999999999988,101.19999999999999,88.0,14.999999999999988,0.002111544590819004,101.19534107601012,101.20361833080614,1,15.0,25.0,15.0,-0.5,bayesian,True,1385555174271110681
83.94999999999999,73.0,14.999999999999986,1701.441142381417,1479.514036853406,15.000000000000007,0.0352068658276013,1701.36837882586,1701.506389739904,1,15.0,25.0,15.0,-0.5,bayesian,True,46964164
30.785303562383927,30.0,2.6176785412797563,0.0,0.0,,0.00020098617272241518,-0.00039393289853593375,0.00039393289853593375,1,15.0,25.0,15.0,-0.5,bayesian,True,1339839372590886573
97.74999999999999,85.0,14.999999999999982,390.99999999999994,340.0,14.999999999999982,0.008054510127868729,390.9835109013231,391.0150845810244,1,15.0,25.0,15.0,-0.5,bayesian,True,1192052083815444651
161.0,140.0,15.0,644.2683333333334,560.2333333333333,15.000000000000014,0.01382256859052247,644.2407760310755,644.2949604999503,1,15.0,25.0,15.0,-0.5,bayesian,True,811249134080220022
108.1,94.0,14.999999999999995,8294.394815656517,7212.517231005667,14.999999999999996,0.16957486988701742,8294.049761610791,8294.714495100749,1,15.0,25.0,15.0,-0.5,bayesian,True,16696908
58.65,51.0,14.999999999999996,293.25,255.0,15.0,0.006093445014185312,293.2367122857521,293.2605985902077,1,15.0,25.0,15.0,-0.5,bayesian,True,45408468
178.25,155.0,15.0,906.1411339485367,787.9488121291623,15.0,0.018292042520076924,906.1046926659227,906.1763974726015,1,15.0,25.0,15.0,-0.5,bayesian,True,1410104437476562334
51.74999999999999,45.0,14.999999999999986,103.49999999999999,90.0,14.999999999999986,0.002125086796901308,103.49531460096031,103.50364494120416,1,15.0,25.0,15.0,-0.5,bayesian,True,1434801963865638347
103.49999999999999,90.0,14.999999999999986,103.49999999999999,90.0,14.999999999999986,0.0022533018574405488,103.49533455968317,103.50416750296434,1,15.0,25.0,15.0,-0.5,bayesian,True,1427462714496500580
82.8,72.0,14.999999999999996,165.6,144.0,14.999999999999996,0.0036186047539694013,165.59211776973984,165.6063027003754,1,15.0,25.0,15.0,-0.5,bayesian,True,942681965380174958
88.55,77.0,14.999999999999996,796.9499999999999,693.0,14.999999999999991,0.01846252126488494,796.9118122920698,796.9841853754282,1,15.0,25.0,15.0,-0.5,bayesian,True,1411448014964865580
90.85,79.0,14.999999999999995,545.0999999999999,474.0,14.99999999999998,0.012885654083615354,545.0734115349846,545.1239232989924,1,15.0,25.0,15.0,-0.5,bayesian,True,871557735543777330
252.99999999999997,220.0,14.999999999999988,1264.9999999999998,1100.0,14.99999999999998,0.03008714502975721,1264.9401797118587,1265.0581213203752,1,15.0,25.0,15.0,-0.5,bayesian,True,894167618925997007
303.59999999999997,264.0,14.999999999999988,346.5670048840049,301.36261294261294,15.00000000000001,0.006129425623964428,346.55458585595176,346.57861320439764,1,15.0,25.0,15.0,-0.5,bayesian,True,965067332532905722
87.39999999999999,76.0,14.999999999999988,1485.6655384615383,1291.883076923077,14.999999999999986,0.029870928949215527,1485.6026604104193,1485.7197544519001,1,15.0,25.0,15.0,-0.5,bayesian,True,39110906
165.6,144.0,14.999999999999996,3978.499431858339,3459.5647233550762,15.000000000000039,0.08132380333027364,3978.3374887199766,3978.656278029031,1,15.0,25.0,15.0,-0.5,bayesian,True,957723414849847931
138.0,120.0,15.0,693.7643333333332,603.2733333333332,15.000000000000002,0.017541499381972272,693.7291817833412,693.7979444609185,1,15.0,25.0,15.0,-0.5,bayesian,True,1079519771540439045
69.0,60.0,15.0,138.0,120.0,15.0,0.0029102495711657572,137.99374979157747,138.00515796989643,1,15.0,25.0,15.0,-0.5,bayesian,True,915638381847210472
169.04999999999998,147.0,14.999999999999988,11133.81234184796,9681.575949433009,15.00000000000001,0.2336133304272489,11133.345492028988,11134.261256284262,1,15.0,25.0,15.0,-0.5,bayesian,True,1110111152409613701
201.24999999999997,175.0,14.999999999999982,1207.4999999999998,1050.0,14.999999999999977,0.026544162260626378,1207.4473003978223,1207.551353513884,1,15.0,25.0,15.0,-0.5,bayesian,True,1449924227960603040
216.2,188.0,14.999999999999995,216.2,188.0,14.999999999999995,0.004900213676690837,216.19029230138355,216.20950113899616,1,15.0,25.0,15.0,-0.5,bayesian,True,1443599473954269070
86.25,75.0,15.0,258.75,225.0,15.0,0.0051740195697678555,258.73903724841,258.7593194051235,1,15.0,25.0,15.0,-0.5,bayesian,True,1376842582588880628
167.89999999999998,146.0,14.999999999999986,335.79999999999995,292.0,14.999999999999986,0.005619298474424228,335.7887917075228,335.8108193575425,1,15.0,25.0,15.0,-0.5,bayesian,True,645542465078282683
209.29999999999998,182.0,14.999999999999991,7956.3975035209705,6918.606524800842,15.000000000000036,0.2046847664762196,7955.989449968406,7956.791814252993,1,15.0,25.0,15.0,-0.5,bayesian,True,464370
98.89999999999999,86.0,14.999999999999991,496.95079068292233,432.13112233297596,14.999999999999995,0.01042954077495435,496.92960362777893,496.9704874276168,1,15.0,25.0,15.0,-0.5,bayesian,True,1475388021952602619
226.54999999999998,197.0,14.999999999999991,2481.8765537638287,2158.153525012025,14.999999999999996,0.05280725061021637,2481.7716471910976,2481.9786516134895,1,15.0,25.0,15.0,-0.5,bayesian,True,976056009828103636
85.1,74.0,14.999999999999991,255.10088527376766,221.82685675979795,15.000000000000007,0.005465825738345012,255.08949870211057,255.11092473900487,1,15.0,25.0,15.0,-0.5,bayesian,True,594095112935575592
116.14999999999999,101.0,14.999999999999991,116.14999999999999,101.0,14.999999999999991,0.002256491279033947,116.1453721168519,116.15421756266572,1,15.0,25.0,15.0,-0.5,bayesian,True,1261743221671996554
93.14999999999999,81.0,14.999999999999988,554.8551886363637,482.9687727272728,14.88427823255653,0.013091202733061065,554.8306188024541,554.8819363171677,1,15.0,25.0,15.0,-0.5,bayesian,True,1203468211817657409
69.0,60.0,15.0,693.0358773448775,602.2398933433717,15.076381522560103,0.017927203039772077,692.9976910681668,693.0679657040827,1,15.0,25.0,15.0,-0.5,bayesian,True,1154079736140659902
286.34999999999997,249.0,14.999999999999986,1123.875606118968,977.2831357556246,14.999999999999982,0.021962988682225213,1123.831766528835,1123.9178614444695,1,15.0,25.0,15.0,-0.5,bayesian,True,919227
125.35,109.0,14.999999999999995,877.4499999999999,763.0,14.999999999999991,0.015071529402310433,877.4196257086979,877.478706103955,1,15.0,25.0,15.0,-0.5,bayesian,True,1463820007288609124
296.7,258.0,14.999999999999996,890.0999999999999,774.0,14.999999999999988,0.018346496164174688,890.0630504582766,890.1349687232403,1,15.0,25.0,15.0,-0.5,bayesian,True,1429706004875773575
144.89999999999998,126.0,14.999999999999982,289.79999999999995,252.0,14.999999999999982,0.007093945402701118,289.78584938183997,289.81365764781856,1,15.0,25.0,15.0,-0.5,bayesian,True,910296814154771729
42.55,37.0,14.999999999999991,213.12116125541124,185.32274891774892,14.999999999999986,0.0040997006584913296,213.11242334883767,213.12849417541898,1,15.0,25.0,15.0,-0.5,bayesian,True,678752851403067008
211.6,184.0,14.999999999999996,211.6,184.0,14.999999999999996,0.0044485813233734964,211.5911739836396,211.60861242242723,1,15.0,25.0,15.0,-0.5,bayesian,True,995598364204120863
128.79999999999998,112.0,14.999999999999986,128.79999999999998,112.0,14.999999999999986,0.0023130531518810457,128.79530638634847,128.80437355470386,1,15.0,25.0,15.0,-0.5,bayesian,True,1491584948730898694
248.39999999999998,216.0,14.999999999999988,999.9572000000001,869.5280000000001,14.999999999999988,0.02111528073876567,999.9180230408192,1000.0007949413152,1,15.0,25.0,15.0,-0.5,bayesian,True,1298455957554055935
78.19999999999999,68.0,14.999999999999982,1174.1481283311232,1020.9983724618464,14.99999999999998,0.025420271628320047,1174.0933203247903,1174.1929677895735,1,15.0,25.0,15.0,-0.5,bayesian,True,1368654891070439540
229.99999999999997,200.0,14.999999999999986,459.99999999999994,400.0,14.999999999999986,0.009235138696983794,459.9816241644058,460.017825908098,1,15.0,25.0,15.0,-0.5,bayesian,True,1405213182740438247
67.85,59.0,14.999999999999991,67.85,59.0,14.999999999999991,0.001330652664588268,67.84713241862877,67.85234857707397,1,15.0,25.0,15.0,-0.5,bayesian,True,1458179818107513993
169.04999999999998,147.0,14.999999999999988,1685.7665999999997,1465.884,14.999999999999977,0.025874517570952226,1685.7151111609148,1685.816539269793,1,15.0,25.0,15.0,-0.5,bayesian,True,27960462
51.74999999999999,45.0,14.999999999999986,51.74999999999999,45.0,14.999999999999986,0.0009751319236589569,51.74783666018101,51.751659177321756,1,15.0,25.0,15.0,-0.5,bayesian,True,1354949613211241170
879.7499999999999,765.0,14.999999999999986,1759.4999999999998,1530.0,14.999999999999986,0.04159110473315861,1759.4158920839095,1759.5789292144636,1,15.0,25.0,15.0,-0.5,bayesian,True,965128817474356623
202.39999999999998,176.0,14.999999999999988,1005.1235897435897,874.020512820513,14.999999999999977,0.02388162029579753,1005.0762153654803,1005.1698313170398,1,15.0,25.0,15.0,-0.5,bayesian,True,1222592216623800147
216.2,188.0,14.999999999999995,443.0589511784512,385.26865319865317,15.000000000000014,0.010170326282227849,443.0387154261786,443.0785831052049,1,15.0,25.0,15.0,-0.5,bayesian,True,811532010177749090
112.69999999999999,98.0,14.999999999999988,788.8999999999999,686.0,14.99999999999998,0.017612068120530847,788.8638718949956,788.932911202028,1,15.0,25.0,15.0,-0.5,bayesian,True,807217502553949270
282.9,246.0,14.999999999999991,282.9,246.0,14.999999999999991,0.006074174376593273,282.8877494557474,282.9115602193037,1,15.0,25.0,15.0,-0.5,bayesian,True,909890739118323796
186.29999999999998,162.0,14.999999999999988,1872.441891758242,1628.2103406593408,15.000000000000007,0.04075310787683952,1872.360372049118,1872.5201242319952,1,15.0,25.0,15.0,-0.5,bayesian,True,1198470392797592895
163.29999999999998,142.0,14.999999999999988,653.1999999999999,568.0,14.999999999999988,0.015998235571718963,653.168028822245,653.2307419056862,1,15.0,25.0,15.0,-0.5,bayesian,True,1432244932764394987
69.0,60.0,15.0,345.0,300.0,15.0,0.007971021906183734,344.98287349590765,345.0141199017799,1,15.0,25.0,15.0,-0.5,bayesian,True,32802381
210.45,183.0,14.999999999999995,1895.0537941566683,1647.8728644840585,15.000000000000066,0.04714094834570303,1894.96132369058,1895.1461162080952,1,15.0,25.0,15.0,-0.5,bayesian,True,1226659465930308591
80.5,70.0,15.0,161.0,140.0,15.0,0.004107690916763722,160.9915557195328,161.00765786792653,1,15.0,25.0,15.0,-0.5,bayesian,True,8630278
132.25,115.0,15.0,1591.2035016835016,1383.655218855219,14.999999999999991,0.03330001039840783,1591.136967850778,1591.26750389154,1,15.0,25.0,15.0,-0.5,bayesian,True,1161576065007792496
181.7,158.0,14.999999999999995,726.8,632.0,14.999999999999995,0.014915059497803612,726.770322606253,726.8287896394844,1,15.0,25.0,15.0,-0.5,bayesian,True,709908253236819629
228.85,199.0,14.999999999999996,228.85,199.0,14.999999999999996,0.00404847988463672,228.8419111435813,228.85778118472908,1,15.0,25.0,15.0,-0.5,bayesian,True,1377540889814166473
34.5,30.0,15.0,34.5,30.0,15.0,0.0005791639696493578,34.498750943497235,34.501021266258256,1,15.0,25.0,15.0,-0.5,bayesian,True,781234985524612999
1053.3999999999999,916.0,14.999999999999986,1053.3999999999999,916.0,14.999999999999986,0.017657984629842277,1053.3648829567956,1053.4341022565445,1,15.0,25.0,15.0,-0.5,bayesian,True,1491303754981296712
195.49999999999997,170.0,14.999999999999982,391.32583333333326,340.2833333333333,14.999999999999991,0.008716986740305787,391.3085308287978,391.3427014168198,1,15.0,25.0,15.0,-0.5,bayesian,True,941653603778473225
134.54999999999998,117.0,14.999999999999986,269.09999999999997,234.0,14.999999999999986,0.006307936822248586,269.0873562767362,269.1120833890795,1,15.0,25.0,15.0,-0.5,bayesian,True,945704938642211876
32.199999999999996,28.0,14.999999999999986,67.20122962962962,58.43585185185184,15.00000000000002,0.001296665728528157,67.19852925660307,67.2036121862589,1,15.0,25.0,15.0,-0.5,bayesian,True,1330487628032495074
111.55,97.0,14.999999999999996,113.60375145254487,98.78587082829989,14.999999999999995,0.0019340652193323487,113.59983912281969,113.60742065847948,1,15.0,25.0,15.0,-0.5,bayesian,True,1272666400931542054
166.75,145.0,15.0,1668.9822222222224,1451.2888888888888,15.000000000000021,0.030135834183469837,1668.9210595058328,1669.039191975832,1,15.0,25.0,15.0,-0.5,bayesian,True,836759736471410467
182.85,159.0,14.999999999999996,1279.95,1113.0,15.000000000000005,0.03076817140665123,1279.8889199507655,1280.0095311826797,1,15.0,25.0,15.0,-0.5,bayesian,True,1399780451682703667
135.7,118.0,14.999999999999991,407.09999999999997,354.0,14.999999999999991,0.008714492001613974,407.0824567762352,407.1166175848815,1,15.0,25.0,15.0,-0.5,bayesian,True,1426008208968915689
98.89999999999999,86.0,14.999999999999991,98.89999999999999,86.0,14.999999999999991,0.001961288429878474,98.89596016933014,98.90364841997526,1,15.0,25.0,15.0,-0.5,bayesian,True,914351303810253499
102.35,89.0,14.999999999999995,103.1937095788595,89.7336605033561,14.999999999999975,0.002058764357374589,103.18948968405394,103.19756004033485,1,15.0,25.0,15.0,-0.5,bayesian,True,1463824095980690501
366.84999999999997,319.0,14.999999999999988,366.84999999999997,319.0,14.999999999999988,0.008227482742377031,366.83349352435056,366.8657452567007,1,15.0,25.0,15.0,-0.5,bayesian,True,1263652485156700600
764.7499999999999,665.0,14.999999999999982,4794.925084260499,4169.500073269998,15.000000000000021,0.12677930341555063,4794.67090800824,4795.167882877629,1,15.0,25.0,15.0,-0.5,bayesian,True,1391211866538128577
192.04999999999998,167.0,14.999999999999991,768.1999999999999,668.0,14.999999999999991,0.014019709878846086,768.1722009284913,768.2271581912164,1,15.0,25.0,15.0,-0.5,bayesian,True,1435599207027942685
70.14999999999999,61.0,14.999999999999986,2943.0235736903865,2559.150933643814,15.00000000000002,0.06333292718651544,2942.884738633912,2943.1330037084836,1,15.0,25.0,15.0,-0.5,bayesian,True,680186156530741245
158.29473080584083,173.0,-8.500155603560215,0.0,0.0,,0.00030470392776247305,-0.0005972196984144471,0.0005972196984144471,2,10.0,25.0,10.0,-0.5,bayesian,True,1468721769698352065
145.96983695922563,140.0,4.264169256589737,0.0,0.0,,0.00026197040212449656,-0.0005134619881640133,0.0005134619881640133,2,10.0,25.0,10.0,-0.5,bayesian,True,1491205656791783943
370.70000000000005,337.0,10.000000000000012,33023.32709173867,30021.206447035147,10.000000000000025,0.6608451613286146,33021.993703984954,33024.584217017364,2,10.0,25.0,10.0,-0.5,bayesian,True,32862560
264.0,240.0,10.0,533.822183150183,485.2928937728937,9.999999999999993,0.009618299644671535,533.8032339012883,533.8409376358953,2,10.0,25.0,10.0,-0.5,bayesian,True,1255748370665773530
154.0,140.0,10.0,2638.278269693843,2397.5014572974324,10.042822358399093,0.05317597738301119,2638.174567407123,2638.3830172384646,2,10.0,25.0,10.0,-0.5,bayesian,True,51856288
271.70000000000005,247.0,10.000000000000018,24616.21853979927,22378.380490726595,10.000000000000064,0.46862315512411656,24615.286419148626,24617.123421916713,2,10.0,25.0,10.0,-0.5,bayesian,True,9659220
202.4,184.0,10.000000000000004,607.2,552.0,10.000000000000009,0.011280636824741671,607.1774373814739,607.2216574778269,2,10.0,25.0,10.0,-0.5,bayesian,True,1199980507482487857
216.70000000000002,197.0,10.000000000000009,3217.799368055556,2925.272152777778,10.000000000000005,0.05707324947293463,3217.6859010130493,3217.909628150983,2,10.0,25.0,10.0,-0.5,bayesian,True,24023758
253.00000000000003,230.0,10.000000000000012,96508.10675350142,87734.6425031831,10.000000000000004,1.577046299224779,96504.98341597548,96511.16543746843,2,10.0,25.0,10.0,-0.5,bayesian,True,53394536
354.20000000000005,322.0,10.000000000000014,48879.754941860505,44436.14085623681,10.000000000000034,1.008300008754944,48877.75109829471,48881.70363432904,2,10.0,25.0,10.0,-0.5,bayesian,True,21438070
684.2,622.0,10.000000000000007,2052.6000000000004,1866.0,10.00000000000002,0.03496932205719684,2052.528849179197,2052.6659289216614,2,10.0,25.0,10.0,-0.5,bayesian,True,1031788118934968242
207.9,189.0,10.000000000000004,5168.258187604191,4698.416534185629,9.999999999999993,0.0934403602941935,5168.071333459194,5168.437619671547,2,10.0,25.0,10.0,-0.5,bayesian,True,820054719534586021
161.70000000000002,147.0,10.000000000000012,13050.813244681276,11864.375676982972,10.000000000000053,0.27609266941601784,13050.257216716922,13051.339499981032,2,10.0,25.0,10.0,-0.5,bayesian,True,1191869212316588098
674.3000000000001,613.0,10.000000000000012,674.645794871795,613.314358974359,10.000000000000014,0.0131364131998033,674.6192500682779,674.6707448080211,2,10.0,25.0,10.0,-0.5,bayesian,True,1090584145834779478
693.0,630.0,10.0,2079.0,1890.0,10.0,0.040277315382063555,2078.9142334836993,2079.072120559997,2,10.0,25.0,10.0,-0.5,bayesian,True,839672970977133882
199.86861873835258,222.0,-9.96909065839974,0.0,0.0,,0.0003753172880030135,-0.0007356218844859064,0.0007356218844859064,2,10.0,25.0,10.0,-0.5,bayesian,True,1488451319381430760
430.1,391.0,10.000000000000005,49995.73008226069,45450.66371114608,10.000000000000007,0.9763496991235675,49993.714117740084,49997.54140856065,2,10.0,25.0,10.0,-0.5,bayesian,True,28987619
81.69809316631726,75.0,8.930790888423019,0.0,0.0,,0.0003006558948368741,-0.0005892855538802732,0.0005892855538802732,2,10.0,25.0,10.0,-0.5,bayesian,True,1491571025291764502
155.10000000000002,141.0,10.000000000000016,316.35958528693527,287.59962298812286,10.000000000000044,0.004897057336579088,316.34973451163614,316.3689309763955,2,10.0,25.0,10.0,-0.5,bayesian,True,28107089
85.80000000000001,78.0,10.000000000000014,3822.8870090372993,3474.1168263975437,10.039103463351575,0.07951272774648072,3822.762016843396,3823.0737067361624,2,10.0,25.0,10.0,-0.5,bayesian,True,1356444446368117715
255.18944294492206,238.0,7.2224550188748164,0.0,0.0,,0.00026819418781330525,-0.0005256606081140782,0.0005256606081140782,2,10.0,25.0,10.0,-0.5,bayesian,True,1063989434465450335
273.90000000000003,249.0,10.000000000000012,273.90000000000003,249.0,10.000000000000012,0.005873221571540375,273.8882738550945,273.911296883655,2,10.0,25.0,10.0,-0.5,bayesian,True,1442686197805398632
184.8,168.0,10.000000000000005,1846.93947008547,1679.0358818958819,10.0,0.03495566326863324,1846.869546999317,1847.0065731993302,2,10.0,25.0,10.0,-0.5,bayesian,True,805552253185575099
139.70000000000002,127.0,10.000000000000012,1764.8379330237042,1604.39812093064,10.000000000000007,0.034722635848984565,1764.7614976292252,1764.8976103617533,2,10.0,25.0,10.0,-0.5,bayesian,True,1459936423983609819
194.92710169594372,180.0,8.292834275524289,0.0,0.0,,0.0002782896094058329,-0.0005454476344354325,0.0005454476344354325,2,10.0,25.0,10.0,-0.5,bayesian,True,1220937370041745832
213.4,194.0,10.000000000000004,3851.4623970385933,3501.3294518532653,10.000000000000043,0.06885323558510588,3851.3277040762564,3851.5976087597496,2,10.0,25.0,10.0,-0.5,bayesian,True,49831205
152.59721424474924,139.0,9.78216852140233,0.0,0.0,,0.0003322939056689075,-0.0006512960551110586,0.0006512960551110586,2,10.0,25.0,10.0,-0.5,bayesian,True,1492906130890703053
233.20000000000002,212.0,10.000000000000007,13774.304851771203,12527.08909756977,9.956149784576779,0.23570160439333251,13773.744483030197,13774.66843331942,2,10.0,25.0,10.0,-0.5,bayesian,True,25001631
83.60000000000001,76.0,10.000000000000012,1586.662092302905,1442.4200839117307,10.000000000000085,0.02830564352531762,1586.5999212326221,1586.7108793552413,2,10.0,25.0,10.0,-0.5,bayesian,True,892716427328543320
181.50000000000003,165.0,10.000000000000018,181.50000000000003,165.0,10.000000000000018,0.0037607994853155486,181.49247700554372,181.50721933952616,2,10.0,25.0,10.0,-0.5,bayesian,True,1490459757831440515
441.1,401.0,10.000000000000005,8819.647466666667,8017.861333333333,10.000000000000007,0.1569612572765669,8819.326460796043,8819.941748924566,2,10.0,25.0,10.0,-0.5,bayesian,True,881611418562042967
125.4,114.0,10.000000000000005,125.4,114.0,10.000000000000005,0.001914434303850965,125.39587385631125,125.40337843878234,2,10.0,25.0,10.0,-0.5,bayesian,True,674828113068074626
99.00000000000001,90.0,10.000000000000016,1407.9130639834887,1279.9209672577167,10.000000000000021,0.027112144760028843,1407.8575654118463,1407.9638450193056,2,10.0,25.0,10.0,-0.5,bayesian,True,1266768812805253989
232.10000000000002,211.0,10.00000000000001,4185.707761357273,3805.188873961156,10.000000000000036,0.08349104071037733,4185.542079468899,4185.869364348483,2,10.0,25.0,10.0,-0.5,bayesian,True,1115904014103410235
209.00000000000003,190.0,10.000000000000014,1672.0000000000002,1520.0,10.000000000000014,0.031383248309238436,1671.9377139356677,1672.06073626904,2,10.0,25.0,10.0,-0.5,bayesian,True,1380700216124988625
247.50000000000003,225.0,10.000000000000012,1980.0000000000002,1800.0,10.000000000000012,0.03230102206796395,1979.9357753610338,1980.0623953675404,2,10.0,25.0,10.0,-0.5,bayesian,True,1262766001678288777
88.0,80.0,10.0,14066.215075849826,12706.039679343994,10.704951588629523,0.3270341905203559,14065.573824839275,14066.855798866114,2,10.0,25.0,10.0,-0.5,bayesian,True,388315
130.9,119.0,10.000000000000005,916.3000000000001,833.0,10.000000000000009,0.017024280268659958,916.2651166445658,916.3318518232188,2,10.0,25.0,10.0,-0.5,bayesian,True,992482617190787593
242.00000000000003,220.0,10.000000000000012,22922.88978018387,20835.00301695037,10.021053328069563,0.41785015071181497,22922.162216070497,22923.800188661287,2,10.0,25.0,10.0,-0.5,bayesian,True,775106281907520742
108.9,99.0,10.000000000000005,435.6,396.0,10.000000000000005,0.008311050548272834,435.58285243350457,435.61543175165383,2,10.0,25.0,10.0,-0.5,bayesian,True,1356514772802283816
154.0,140.0,10.0,3562.82347848361,3238.9304349850995,10.000000000000016,0.051542318503728694,3562.7196493341153,3562.9216952226498,2,10.0,25.0,10.0,-0.5,bayesian,True,1182099234547338013
217.8,198.0,10.000000000000005,6561.983629293726,5965.439662994297,9.999999999999996,0.10474030383431658,6561.774167838244,6562.184749829275,2,10.0,25.0,10.0,-0.5,bayesian,True,632641891219131820
192.50000000000003,175.0,10.000000000000016,192.50000000000003,175.0,10.000000000000016,0.0037882212112747733,192.49244591802557,192.5072957451738,2,10.0,25.0,10.0,-0.5,bayesian,True,1470300845419803507
316.8,288.0,10.000000000000004,1267.2,1152.0,10.000000000000004,0.021193121494375477,1267.15809639359,1267.2411734298482,2,10.0,25.0,10.0,-0.5,bayesian,True,41951666
148.5,135.0,10.0,2676.7067582417585,2433.36978021978,10.000000000000028,0.05203446855942906,2676.6020717146234,2676.8060468313765,2,10.0,25.0,10.0,-0.5,bayesian,True,5511934
202.4,184.0,10.000000000000004,14098.217101627128,12816.561001479198,10.000000000000075,0.24748537993637174,14097.724747541748,14098.6948902311,2,10.0,25.0,10.0,-0.5,bayesian,True,1150898768429788173
211.20000000000002,192.0,10.000000000000009,12902.25531420709,11729.32301291553,10.000000000000053,0.2222969395886063,12901.813095860563,12902.684499863752,2,10.0,25.0,10.0,-0.5,bayesian,True,52987790
334.1490778828677,323.0,3.4517268987206458,0.0,0.0,,0.00031198386094732217,-0.0006114883674567514,0.0006114883674567514,2,10.0,25.0,10.0,-0.5,bayesian,True,1039057121440130714
100.10000000000001,91.0,10.000000000000009,401.6877222222223,365.1706565656566,10.000000000000012,0.007806748729958816,401.6712083478228,401.7018108028443,2,10.0,25.0,10.0,-0.5,bayesian,True,1146335864843964705
204.60000000000002,186.0,10.000000000000012,19935.592667879733,18123.266061708844,10.000000000000025,0.31931983879342524,19934.94211081869,19936.19384458676,2,10.0,25.0,10.0,-0.5,bayesian,True,928061318935228385
113.63884512455432,110.0,3.3080410223221115,0.0,0.0,,0.0002546055491212084,-0.0004990268762775685,0.0004990268762775685,2,10.0,25.0,10.0,-0.5,bayesian,True,1028807172740546312
559.9000000000001,509.0,10.000000000000018,68643.32711184674,62403.02464713337,10.000000000000057,1.3156741025708942,68640.69552668651,68645.85296916858,2,10.0,25.0,10.0,-0.5,bayesian,True,584647893432611899
178.20000000000002,162.0,10.00000000000001,178.20000000000002,162.0,10.00000000000001,0.0028713694082635093,178.19427827598784,178.20553404406823,2,10.0,25.0,10.0,-0.5,bayesian,True,847909973443080156
155.10000000000002,141.0,10.000000000000016,3411.877918298934,3101.7071984535755,10.000000000000037,0.06391271834522198,3411.7561726602135,3412.006710516127,2,10.0,25.0,10.0,-0.5,bayesian,True,658761646782786102
177.10000000000002,161.0,10.000000000000014,354.20000000000005,322.0,10.000000000000014,0.006670354694570951,354.18668996735335,354.2128377577561,2,10.0,25.0,10.0,-0.5,bayesian,True,1196804123497007536
132.0,120.0,10.0,396.0,360.0,10.0,0.0066581019646125205,395.98644362145546,396.0125433811568,2,10.0,25.0,10.0,-0.5,bayesian,True,848895351001518496
259.06730357197347,274.0,-5.449889207308953,0.0,0.0,,0.0002952069419035581,-0.0005786056061309738,0.0005786056061309738,2,10.0,25.0,10.0,-0.5,bayesian,True,1438212169053417639
126.50000000000001,115.0,10.000000000000012,1518.5643050468052,1380.5130045880046,10.00000000000001,0.03022338437119332,1518.5028506683063,1518.6213263350412,2,10.0,25.0,10.0,-0.5,bayesian,True,1280679125519119375
114.4,104.0,10.000000000000005,346.4657777777778,314.96888888888896,9.99999999999999,0.005804971851689482,346.45357974424405,346.47633523390266,2,10.0,25.0,10.0,-0.5,bayesian,True,1421702823803689370
95.7,87.0,10.000000000000004,382.8,348.0,10.000000000000004,0.00587505636638114,382.7877372101487,382.8107674311049,2,10.0,25.0,10.0,-0.5,bayesian,True,1465872091596688965
150.70000000000002,137.0,10.000000000000012,1353.9139166666669,1230.8308333333334,10.000000000000007,0.027167859189929245,1353.8593374040966,1353.9658354121211,2,10.0,25.0,10.0,-0.5,bayesian,True,1431351543097342583
462.00000000000006,420.0,10.000000000000012,10171.419541899211,9244.785038090191,10.023321256158127,0.20726975156203142,10170.9361046495,10171.748602075622,2,10.0,25.0,10.0,-0.5,bayesian,True,2070195
144.10000000000002,131.0,10.000000000000018,866.7587141839643,787.9624674399674,10.00000000000002,0.01548654302727955,866.7273838992633,866.7880911479301,2,10.0,25.0,10.0,-0.5,bayesian,True,1411635924366347963
127.60000000000001,116.0,10.000000000000007,2168.6075407407416,1971.4614006734007,10.00000000000004,0.03688214122128272,2168.532090836927,2168.6766688305147,2,10.0,25.0,10.0,-0.5,bayesian,True,1200690664956862578
221.07550966927909,240.0,-7.885204304467047,0.0,0.0,,0.0002706785890266631,-0.0005305300344922597,0.0005305300344922597,2,10.0,25.0,10.0,-0.5,bayesian,True,1031340818893030825
176.0,160.0,10.0,6477.110432809023,5888.282211644565,10.00000000000003,0.13710195221868562,6476.818488121288,6477.355927773985,2,10.0,25.0,10.0,-0.5,bayesian,True,1157035918574473062
352.0,320.0,10.0,1409.5949206349205,1281.449927849928,9.999999999999986,0.016939291073742882,1409.5613663573972,1409.6277683784065,2,10.0,25.0,10.0,-0.5,bayesian,True,941151436787738627
126.50000000000001,115.0,10.000000000000012,4328.465398651388,3934.9685442285318,10.00000000000007,0.07620699300177618,4328.297845106706,4328.596576519273,2,10.0,25.0,10.0,-0.5,bayesian,True,1095589322394710747
185.9,169.0,10.000000000000004,185.9,169.0,10.000000000000004,0.0027931336225430112,185.8944143694626,185.90536345326296,2,10.0,25.0,10.0,-0.5,bayesian,True,1463031458037947471
247.50000000000003,225.0,10.000000000000012,4220.82571563241,3837.114286938553,10.000000000000037,0.08298931558128804,4220.660890059054,4220.986208176132,2,10.0,25.0,10.0,-0.5,bayesian,True,47173449
144.10000000000002,131.0,10.000000000000018,3176.0125109233154,2887.2841008393766,10.000000000000039,0.06618787466110293,3175.878309097999,3176.1377655666706,2,10.0,25.0,10.0,-0.5,bayesian,True,680071403346938763
467.50000000000006,425.0,10.000000000000012,3740.0000000000005,3400.0,10.000000000000012,0.07449900340624194,3739.844741114046,3740.136777207398,2,10.0,25.0,10.0,-0.5,bayesian,True,53249119
180.4,164.0,10.000000000000004,23789.64539775243,21626.950361593117,10.0,0.4789669972741128,23788.684426933458,23790.561977562775,2,10.0,25.0,10.0,-0.5,bayesian,True,48927954
157.3,143.0,10.000000000000007,3305.701915476192,3003.7329761904753,10.053121954558454,0.06633477757270366,3305.5232322277266,3305.7832645558115,2,10.0,25.0,10.0,-0.5,bayesian,True,881549510475246773
212.04395058366543,203.0,4.45514807077115,0.0,0.0,,0.00027898044842977954,-0.000546801678922368,0.000546801678922368,2,10.0,25.0,10.0,-0.5,bayesian,True,1390523970225079958
205.70000000000002,187.0,10.000000000000009,617.1,561.0,10.000000000000005,0.010443504361122886,617.0791168996284,617.120055436724,2,10.0,25.0,10.0,-0.5,bayesian,True,1207498760436674824
181.50000000000003,165.0,10.000000000000018,4347.106248227481,3951.914771115891,10.000000000000018,0.07154366263042675,4346.963316501116,4347.243767658627,2,10.0,25.0,10.0,-0.5,bayesian,True,3436430
141.11189240667412,144.0,-2.0056302731429754,0.0,0.0,,0.00029244026809303636,-0.0005731829254623513,0.0005731829254623513,2,10.0,25.0,10.0,-0.5,bayesian,True,832385060907328706
360.8,328.0,10.000000000000004,6856.921030110975,6233.564572828158,10.000000000000023,0.1440999549885808,6856.631112230078,6857.195984053633,2,10.0,25.0,10.0,-0.5,bayesian,True,1384264791851872682
132.0,120.0,10.0,528.0,480.0,10.0,0.010375948644312676,527.9788956480982,528.0195693667838,2,10.0,25.0,10.0,-0.5,bayesian,True,931961307142830304
312.5466917242217,340.0,-8.074502434052436,0.0,0.0,,0.00030665594010074754,-0.0006010456425974652,0.0006010456425974652,2,10.0,25.0,10.0,-0.5,bayesian,True,1398667457607094003
450.3699142842007,443.0,1.6636375359369566,0.0,0.0,,0.00035100339976655207,-0.000687966663542442,0.000687966663542442,2,10.0,25.0,10.0,-0.5,bayesian,True,1445651361620317705
170.52989599790098,164.0,3.981643901159134,0.0,0.0,,0.00027144905880638104,-0.0005320401552605068,0.0005320401552605068,2,10.0,25.0,10.0,-0.5,bayesian,True,1473166587835529209
225.50000000000003,205.0,10.000000000000014,3155.513615548071,2868.6487414073363,10.000000000000036,0.064450511700778,3155.3856501058085,3155.6382961116756,2,10.0,25.0,10.0,-0.5,bayesian,True,16647148
80.30000000000001,73.0,10.000000000000016,401.50309441233145,365.00281310211943,10.00000000000002,0.00741236673417575,401.48754853899703,401.51660501659495,2,10.0,25.0,10.0,-0.5,bayesian,True,1425215212282411896
473.00000000000006,430.0,10.000000000000012,473.00000000000006,430.0,10.000000000000012,0.009683202829934703,472.97952688757107,473.01748504266436,2,10.0,25.0,10.0,-0.5,bayesian,True,894044445768914603
311.3,283.0,10.000000000000004,4660.117806234888,4238.357399607474,9.951034489599078,0.07446603469054924,4659.928341536339,4660.2202483923265,2,10.0,25.0,10.0,-0.5,bayesian,True,1142696722359674758
199.10000000000002,181.0,10.000000000000012,2985.081724339224,2714.766491823536,9.957218542730521,0.05738352453115707,2984.9538513512243,2985.1787947673865,2,10.0,25.0,10.0,-0.5,bayesian,True,5412911
159.5,145.0,10.0,9029.66782262453,8208.78892965866,10.000000000000043,0.1772102144318278,9029.313766436277,9030.00843047685,2,10.0,25.0,10.0,-0.5,bayesian,True,1172980761940804087
220.95219937392085,224.0,-1.3606252794996212,0.0,0.0,,0.0003316317380775029,-0.0006499982066319056,0.0006499982066319056,2,10.0,25.0,10.0,-0.5,bayesian,True,1413048755668024440
148.5,135.0,10.0,1331.7901276595746,1210.7182978723404,10.000000000000018,0.02354056633779305,1331.7420247801606,1331.834303800205,2,10.0,25.0,10.0,-0.5,bayesian,True,886787123893959190
270.6,246.0,10.000000000000009,5674.571539969081,5158.70139997189,10.00000000000003,0.11338862474308073,5674.341287065297,5674.785770474291,2,10.0,25.0,10.0,-0.5,bayesian,True,1241739909919060339
137.831821181406,140.0,-1.548699156138562,0.0,0.0,,0.0002590844190894656,-0.0005078054614153525,0.0005078054614153525,2,10.0,25.0,10.0,-0.5,bayesian,True,1495388109817936693
83.77764908433235,93.0,-9.916506360932955,0.0,0.0,,0.0003258290058024831,-0.0006386248513728668,0.0006386248513728668,2,10.0,25.0,10.0,-0.5,bayesian,True,1477568240648619671
250.8,228.0,10.000000000000005,10823.16410011492,9838.588662442131,10.007283274595181,0.18922705927262173,10822.784050356142,10823.525820428491,2,10.0,25.0,10.0,-0.5,bayesian,True,950665216346050072
321.20000000000005,292.0,10.000000000000016,12905.79610811607,11727.81429742153,10.044342285958013,0.26708763653831585,12905.30516191615,12906.352145451381,2,10.0,25.0,10.0,-0.5,bayesian,True,751572151889743561
231.76681970656244,227.0,2.099920575578169,0.0,0.0,,0.0003424260533566557,-0.0006711550645790451,0.0006711550645790451,2,10.0,25.0,10.0,-0.5,bayesian,True,1401943834820878930
1672.1214630829593,1800.0,-7.104363162057818,0.0,0.0,,0.0005567797942244563,-0.0010912883966799343,0.0010912883966799343,2,10.0,25.0,10.0,-0.5,bayesian,True,1144227618990761475
148.5,135.0,10.0,2829.3920000000003,2572.1745454545458,9.999999999999998,0.04573787603347115,2829.299962457818,2829.479254931869,2,10.0,25.0,10.0,-0.5,bayesian,True,1093505537976568676
467.50000000000006,425.0,10.000000000000012,467.50000000000006,425.0,10.000000000000012,0.007796594666787138,467.4838109724425,467.51437362353624,2,10.0,25.0,10.0,-0.5,bayesian,True,1350147928182021459
